<?xml version='1.0' encoding='UTF-8'?>
<odoo>
  <record id="asset_378f4ed1-2c22-46dd-baa9-4c0bd3c9bd51" model="ir.actions.act_window" context="{'studio': True}">
    <field name="help"><![CDATA[<p class="o_view_nocontent_smiling_face">
                    This is your new action.
                </p>
                <p>By default, it contains a list and a form view and possibly
                    other view types depending on the options you chose for your model.
                </p>
                <p>
                    You can start customizing these screens by clicking on the Studio icon on the
                    top right corner (you can also customize this help message there).
                </p>
            ]]></field>
    <field name="name">Asset</field>
    <field name="res_model">x_asset</field>
    <field name="view_mode">kanban,list,form,calendar,gantt,map,pivot,graph</field>
  </record>
  <record id="asset_stages_febdd6cb-ee2a-4348-b194-9b418c648637" model="ir.actions.act_window" context="{'studio': True}">
    <field name="help"><![CDATA[<p class="o_view_nocontent_smiling_face">
                    This is your new action.
                </p>
                <p>By default, it contains a list and a form view and possibly
                    other view types depending on the options you chose for your model.
                </p>
                <p>
                    You can start customizing these screens by clicking on the Studio icon on the
                    top right corner (you can also customize this help message there).
                </p>
            ]]></field>
    <field name="name">Asset Stages</field>
    <field name="res_model">x_asset_stage</field>
  </record>
  <record id="asset_tags_0b1e37a1-6670-4c86-9dfe-4aafebaa532b" model="ir.actions.act_window" context="{'studio': True}">
    <field name="help"><![CDATA[<p class="o_view_nocontent_smiling_face">
                    This is your new action.
                </p>
                <p>By default, it contains a list and a form view and possibly
                    other view types depending on the options you chose for your model.
                </p>
                <p>
                    You can start customizing these screens by clicking on the Studio icon on the
                    top right corner (you can also customize this help message there).
                </p>
            ]]></field>
    <field name="name">Asset Tags</field>
    <field name="res_model">x_asset_tag</field>
  </record>
  <record id="maintenance_c06c4fd5-7190-484d-ae78-a32b9424efca" model="ir.actions.act_window" context="{'studio': True}">
    <field name="help"><![CDATA[<p class="o_view_nocontent_smiling_face">
                    This is your new action.
                </p>
                <p>By default, it contains a list and a form view and possibly
                    other view types depending on the options you chose for your model.
                </p>
                <p>
                    You can start customizing these screens by clicking on the Studio icon on the
                    top right corner (you can also customize this help message there).
                </p>
            ]]></field>
    <field name="name">Maintenance</field>
    <field name="res_model">x_maintenance</field>
    <field name="view_mode">kanban,list,form,calendar,gantt,map,pivot,graph</field>
  </record>
  <record id="maintenance_stages_06a71b66-3a4e-4bd8-86d0-766a7c7e8c24" model="ir.actions.act_window" context="{'studio': True}">
    <field name="help"><![CDATA[<p class="o_view_nocontent_smiling_face">
                    This is your new action.
                </p>
                <p>By default, it contains a list and a form view and possibly
                    other view types depending on the options you chose for your model.
                </p>
                <p>
                    You can start customizing these screens by clicking on the Studio icon on the
                    top right corner (you can also customize this help message there).
                </p>
            ]]></field>
    <field name="name">Maintenance Stages</field>
    <field name="res_model">x_maintenance_stage</field>
  </record>
  <record id="maintenance_tags_051c5feb-ec2e-4df5-9fd4-21c30f83afd8" model="ir.actions.act_window" context="{'studio': True}">
    <field name="help"><![CDATA[<p class="o_view_nocontent_smiling_face">
                    This is your new action.
                </p>
                <p>By default, it contains a list and a form view and possibly
                    other view types depending on the options you chose for your model.
                </p>
                <p>
                    You can start customizing these screens by clicking on the Studio icon on the
                    top right corner (you can also customize this help message there).
                </p>
            ]]></field>
    <field name="name">Maintenance Tags</field>
    <field name="res_model">x_maintenance_tag</field>
  </record>
  <record id="asset_info_7d72d542-6d83-4316-b136-ac9bd168979a" model="ir.actions.act_window" context="{'studio': True}">
    <field name="help"><![CDATA[<p class="o_view_nocontent_smiling_face">
                    This is your new action.
                </p>
                <p>By default, it contains a list and a form view and possibly
                    other view types depending on the options you chose for your model.
                </p>
                <p>
                    You can start customizing these screens by clicking on the Studio icon on the
                    top right corner (you can also customize this help message there).
                </p>
            ]]></field>
    <field name="name">Asset Info</field>
    <field name="res_model">x_asset_info</field>
    <field name="view_mode">kanban,list,form,calendar,gantt,map,pivot,graph</field>
  </record>
  <record id="asset_info_stages_f32951d6-ea4c-4ed6-ae07-0d710792e4a6" model="ir.actions.act_window" context="{'studio': True}">
    <field name="help"><![CDATA[<p class="o_view_nocontent_smiling_face">
                    This is your new action.
                </p>
                <p>By default, it contains a list and a form view and possibly
                    other view types depending on the options you chose for your model.
                </p>
                <p>
                    You can start customizing these screens by clicking on the Studio icon on the
                    top right corner (you can also customize this help message there).
                </p>
            ]]></field>
    <field name="name">Asset Info Stages</field>
    <field name="res_model">x_asset_info_stage</field>
  </record>
  <record id="asset_info_tags_783d925a-0323-4f28-ab81-5e0713c5eb62" model="ir.actions.act_window" context="{'studio': True}">
    <field name="help"><![CDATA[<p class="o_view_nocontent_smiling_face">
                    This is your new action.
                </p>
                <p>By default, it contains a list and a form view and possibly
                    other view types depending on the options you chose for your model.
                </p>
                <p>
                    You can start customizing these screens by clicking on the Studio icon on the
                    top right corner (you can also customize this help message there).
                </p>
            ]]></field>
    <field name="name">Asset Info Tags</field>
    <field name="res_model">x_asset_info_tag</field>
  </record>
  <record id="em_881ff4b4-70a9-4a81-8d6f-413485a82591" model="ir.actions.act_window" context="{'studio': True}">
    <field name="help"><![CDATA[<p class="o_view_nocontent_smiling_face">
                    This is your new action.
                </p>
                <p>By default, it contains a list and a form view and possibly
                    other view types depending on the options you chose for your model.
                </p>
                <p>
                    You can start customizing these screens by clicking on the Studio icon on the
                    top right corner (you can also customize this help message there).
                </p>
            ]]></field>
    <field name="name">Em</field>
    <field name="res_model">hr.employee</field>
    <field name="view_mode">kanban,list,form,pivot,graph,activity,hierarchy</field>
  </record>
  <record id="asset_definition_e8f1a9ba-7155-44f2-acc5-252f44ab70f7" model="ir.actions.act_window" context="{'studio': True}">
    <field name="help"><![CDATA[<p class="o_view_nocontent_smiling_face">
                    This is your new action.
                </p>
                <p>By default, it contains a list and a form view and possibly
                    other view types depending on the options you chose for your model.
                </p>
                <p>
                    You can start customizing these screens by clicking on the Studio icon on the
                    top right corner (you can also customize this help message there).
                </p>
            ]]></field>
    <field name="name">Asset Definition</field>
    <field name="res_model">x_asset_definition</field>
    <field name="view_mode">kanban,list,form,calendar,gantt,map,pivot,graph</field>
  </record>
  <record id="asset_definition_sta_d9107df4-fd87-4393-a808-139508b16492" model="ir.actions.act_window" context="{'studio': True}">
    <field name="help"><![CDATA[<p class="o_view_nocontent_smiling_face">
                    This is your new action.
                </p>
                <p>By default, it contains a list and a form view and possibly
                    other view types depending on the options you chose for your model.
                </p>
                <p>
                    You can start customizing these screens by clicking on the Studio icon on the
                    top right corner (you can also customize this help message there).
                </p>
            ]]></field>
    <field name="name">Asset Definition Stages</field>
    <field name="res_model">x_asset_definition_stage</field>
  </record>
  <record id="asset_definition_tag_09a04a79-b32e-4223-9d2b-99b9e1b19443" model="ir.actions.act_window" context="{'studio': True}">
    <field name="help"><![CDATA[<p class="o_view_nocontent_smiling_face">
                    This is your new action.
                </p>
                <p>By default, it contains a list and a form view and possibly
                    other view types depending on the options you chose for your model.
                </p>
                <p>
                    You can start customizing these screens by clicking on the Studio icon on the
                    top right corner (you can also customize this help message there).
                </p>
            ]]></field>
    <field name="name">Asset Definition Tags</field>
    <field name="res_model">x_asset_definition_tag</field>
  </record>
  <record id="asset_information_f18f48ea-5df1-4d40-8077-260b3271a8a1" model="ir.actions.act_window" context="{'studio': True}">
    <field name="help"><![CDATA[<p class="o_view_nocontent_smiling_face">
                    This is your new action.
                </p>
                <p>By default, it contains a list and a form view and possibly
                    other view types depending on the options you chose for your model.
                </p>
                <p>
                    You can start customizing these screens by clicking on the Studio icon on the
                    top right corner (you can also customize this help message there).
                </p>
            ]]></field>
    <field name="name">Asset Information</field>
    <field name="res_model">x_asset_information</field>
    <field name="view_mode">kanban,list,form,calendar,gantt,map,pivot,graph</field>
  </record>
  <record id="asset_information_st_0312677c-9b35-4e3b-af6a-e9803f37427b" model="ir.actions.act_window" context="{'studio': True}">
    <field name="help"><![CDATA[<p class="o_view_nocontent_smiling_face">
                    This is your new action.
                </p>
                <p>By default, it contains a list and a form view and possibly
                    other view types depending on the options you chose for your model.
                </p>
                <p>
                    You can start customizing these screens by clicking on the Studio icon on the
                    top right corner (you can also customize this help message there).
                </p>
            ]]></field>
    <field name="name">Asset Information Stages</field>
    <field name="res_model">x_asset_information_stage</field>
  </record>
  <record id="asset_information_ta_93ae2e50-1174-46e6-a7ff-59fe0c6d7b2c" model="ir.actions.act_window" context="{'studio': True}">
    <field name="help"><![CDATA[<p class="o_view_nocontent_smiling_face">
                    This is your new action.
                </p>
                <p>By default, it contains a list and a form view and possibly
                    other view types depending on the options you chose for your model.
                </p>
                <p>
                    You can start customizing these screens by clicking on the Studio icon on the
                    top right corner (you can also customize this help message there).
                </p>
            ]]></field>
    <field name="name">Asset Information Tags</field>
    <field name="res_model">x_asset_information_tag</field>
  </record>
  <record id="asset_schedule_maint_a91ff04a-eff0-4894-b9b7-82f77ce2a7f8" model="ir.actions.act_window" context="{'studio': True}">
    <field name="help"><![CDATA[<p class="o_view_nocontent_smiling_face">
                    This is your new action.
                </p>
                <p>By default, it contains a list and a form view and possibly
                    other view types depending on the options you chose for your model.
                </p>
                <p>
                    You can start customizing these screens by clicking on the Studio icon on the
                    top right corner (you can also customize this help message there).
                </p>
            ]]></field>
    <field name="name">Asset Schedule Maintenance Information</field>
    <field name="res_model">x_asset_schedule_maint</field>
    <field name="view_mode">kanban,list,form,calendar,gantt,map,pivot,graph</field>
  </record>
  <record id="asset_schedule_maint_ed6e4575-895f-40e3-886e-6d6db27a4d28" model="ir.actions.act_window" context="{'studio': True}">
    <field name="help"><![CDATA[<p class="o_view_nocontent_smiling_face">
                    This is your new action.
                </p>
                <p>By default, it contains a list and a form view and possibly
                    other view types depending on the options you chose for your model.
                </p>
                <p>
                    You can start customizing these screens by clicking on the Studio icon on the
                    top right corner (you can also customize this help message there).
                </p>
            ]]></field>
    <field name="name">Asset Schedule Maintenance Information Stages</field>
    <field name="res_model">x_asset_schedule_maint_stage</field>
  </record>
  <record id="asset_schedule_maint_6bc9b9e0-5825-4f04-92c4-0dd4c2b57f66" model="ir.actions.act_window" context="{'studio': True}">
    <field name="help"><![CDATA[<p class="o_view_nocontent_smiling_face">
                    This is your new action.
                </p>
                <p>By default, it contains a list and a form view and possibly
                    other view types depending on the options you chose for your model.
                </p>
                <p>
                    You can start customizing these screens by clicking on the Studio icon on the
                    top right corner (you can also customize this help message there).
                </p>
            ]]></field>
    <field name="name">Asset Schedule Maintenance Information Tags</field>
    <field name="res_model">x_asset_schedule_maint_tag</field>
  </record>
  <record id="asset_maintenance_34470219-5d74-41be-a72d-e0e87a1a3470" model="ir.actions.act_window" context="{'studio': True}">
    <field name="help"><![CDATA[<p class="o_view_nocontent_smiling_face">
                    This is your new action.
                </p>
                <p>By default, it contains a list and a form view and possibly
                    other view types depending on the options you chose for your model.
                </p>
                <p>
                    You can start customizing these screens by clicking on the Studio icon on the
                    top right corner (you can also customize this help message there).
                </p>
            ]]></field>
    <field name="name">Asset Maintenance</field>
    <field name="res_model">x_asset_maintenance</field>
    <field name="view_mode">kanban,list,form,calendar,gantt,map,pivot,graph</field>
  </record>
  <record id="asset_maintenance_st_ba87ce42-b844-47f2-9c4c-159a9ec8b175" model="ir.actions.act_window" context="{'studio': True}">
    <field name="help"><![CDATA[<p class="o_view_nocontent_smiling_face">
                    This is your new action.
                </p>
                <p>By default, it contains a list and a form view and possibly
                    other view types depending on the options you chose for your model.
                </p>
                <p>
                    You can start customizing these screens by clicking on the Studio icon on the
                    top right corner (you can also customize this help message there).
                </p>
            ]]></field>
    <field name="name">Asset Maintenance Stages</field>
    <field name="res_model">x_asset_maintenance_stage</field>
  </record>
  <record id="asset_maintenance_ta_76a75ead-6aa7-4d47-9c2c-3e47403ceff8" model="ir.actions.act_window" context="{'studio': True}">
    <field name="help"><![CDATA[<p class="o_view_nocontent_smiling_face">
                    This is your new action.
                </p>
                <p>By default, it contains a list and a form view and possibly
                    other view types depending on the options you chose for your model.
                </p>
                <p>
                    You can start customizing these screens by clicking on the Studio icon on the
                    top right corner (you can also customize this help message there).
                </p>
            ]]></field>
    <field name="name">Asset Maintenance Tags</field>
    <field name="res_model">x_asset_maintenance_tag</field>
  </record>
  <record id="asset_sent_for_maint_dd169c98-ca8c-4f33-b5b1-cf0bfc4377db" model="ir.actions.act_window" context="{'studio': True}">
    <field name="help"><![CDATA[<p class="o_view_nocontent_smiling_face">
                    This is your new action.
                </p>
                <p>By default, it contains a list and a form view and possibly
                    other view types depending on the options you chose for your model.
                </p>
                <p>
                    You can start customizing these screens by clicking on the Studio icon on the
                    top right corner (you can also customize this help message there).
                </p>
            ]]></field>
    <field name="name">Asset Sent for Maintenance</field>
    <field name="res_model">x_asset_sent_for_maint</field>
    <field name="view_mode">kanban,list,form,calendar,gantt,map,pivot,graph</field>
  </record>
  <record id="asset_sent_for_maint_03303f03-8322-40ed-abc1-349755e21739" model="ir.actions.act_window" context="{'studio': True}">
    <field name="help"><![CDATA[<p class="o_view_nocontent_smiling_face">
                    This is your new action.
                </p>
                <p>By default, it contains a list and a form view and possibly
                    other view types depending on the options you chose for your model.
                </p>
                <p>
                    You can start customizing these screens by clicking on the Studio icon on the
                    top right corner (you can also customize this help message there).
                </p>
            ]]></field>
    <field name="name">Asset Sent for Maintenance Stages</field>
    <field name="res_model">x_asset_sent_for_maint_stage</field>
  </record>
  <record id="asset_sent_for_maint_328f0e84-9417-4f67-b867-d578ca3f82c9" model="ir.actions.act_window" context="{'studio': True}">
    <field name="help"><![CDATA[<p class="o_view_nocontent_smiling_face">
                    This is your new action.
                </p>
                <p>By default, it contains a list and a form view and possibly
                    other view types depending on the options you chose for your model.
                </p>
                <p>
                    You can start customizing these screens by clicking on the Studio icon on the
                    top right corner (you can also customize this help message there).
                </p>
            ]]></field>
    <field name="name">Asset Sent for Maintenance Tags</field>
    <field name="res_model">x_asset_sent_for_maint_tag</field>
  </record>
  <record id="asset_retrieved_from_92f9264f-1d36-4439-9ebf-1ba3fd9e4ed7" model="ir.actions.act_window" context="{'studio': True}">
    <field name="help"><![CDATA[<p class="o_view_nocontent_smiling_face">
                    This is your new action.
                </p>
                <p>By default, it contains a list and a form view and possibly
                    other view types depending on the options you chose for your model.
                </p>
                <p>
                    You can start customizing these screens by clicking on the Studio icon on the
                    top right corner (you can also customize this help message there).
                </p>
            ]]></field>
    <field name="name">Asset Retrieved from Maintenance</field>
    <field name="res_model">x_asset_retrieved_from</field>
    <field name="view_mode">kanban,list,form,calendar,gantt,map,pivot,graph</field>
  </record>
  <record id="asset_retrieved_from_6defd524-9caa-4140-887e-80b679ce6904" model="ir.actions.act_window" context="{'studio': True}">
    <field name="help"><![CDATA[<p class="o_view_nocontent_smiling_face">
                    This is your new action.
                </p>
                <p>By default, it contains a list and a form view and possibly
                    other view types depending on the options you chose for your model.
                </p>
                <p>
                    You can start customizing these screens by clicking on the Studio icon on the
                    top right corner (you can also customize this help message there).
                </p>
            ]]></field>
    <field name="name">Asset Retrieved from Maintenance Stages</field>
    <field name="res_model">x_asset_retrieved_from_stage</field>
  </record>
  <record id="asset_retrieved_from_fb3efeab-425d-4dea-be73-ee58e57bd583" model="ir.actions.act_window" context="{'studio': True}">
    <field name="help"><![CDATA[<p class="o_view_nocontent_smiling_face">
                    This is your new action.
                </p>
                <p>By default, it contains a list and a form view and possibly
                    other view types depending on the options you chose for your model.
                </p>
                <p>
                    You can start customizing these screens by clicking on the Studio icon on the
                    top right corner (you can also customize this help message there).
                </p>
            ]]></field>
    <field name="name">Asset Retrieved from Maintenance Tags</field>
    <field name="res_model">x_asset_retrieved_from_tag</field>
  </record>
  <record id="asset_information_9e19dc96-e712-4ea4-a225-1f47af03d0d7" model="ir.actions.act_window" context="{'studio': True}">
    <field name="help"><![CDATA[<p class="o_view_nocontent_smiling_face">
                    This is your new action.
                </p>
                <p>By default, it contains a list and a form view and possibly
                    other view types depending on the options you chose for your model.
                </p>
                <p>
                    You can start customizing these screens by clicking on the Studio icon on the
                    top right corner (you can also customize this help message there).
                </p>
            ]]></field>
    <field name="name">Asset Information</field>
    <field name="res_model">x_asset_information</field>
    <field name="view_mode">kanban,list,form,calendar,gantt,map,pivot,graph</field>
  </record>
  <record id="saireddy_4fc76793-c420-4369-9f2a-31b5366aa5d1" model="ir.actions.act_window" context="{'studio': True}">
    <field name="help"><![CDATA[<p class="o_view_nocontent_smiling_face">
                    This is your new action.
                </p>
                <p>By default, it contains a list and a form view and possibly
                    other view types depending on the options you chose for your model.
                </p>
                <p>
                    You can start customizing these screens by clicking on the Studio icon on the
                    top right corner (you can also customize this help message there).
                </p>
            ]]></field>
    <field name="name">Saireddy</field>
    <field name="res_model">x_asset_maintenance</field>
    <field name="view_mode">kanban,list,form,calendar,gantt,map,pivot,graph</field>
  </record>
</odoo>
