<?xml version='1.0' encoding='UTF-8'?>
<odoo>
  <record id="active_asset_74b8ed46-eca0-45c5-8268-fb757dc1f799" model="ir.default" context="{'studio': True}">
    <field name="field_id" ref="active_asset_5f216c68-42e9-44f8-957a-918906c7fb52"/>
    <field name="json_value">true</field>
  </record>
  <record id="company_asset_cbdb8ebd-76df-4c2b-a170-9a1132d8c537" model="ir.default" context="{'studio': True}">
    <field name="field_id" ref="company_asset_61eb9f37-b0ce-4a4b-8872-c9285c1ca6bc"/>
    <field name="json_value">1</field>
  </record>
  <record id="currency_asset_28a6ff6a-9d9b-41ad-b808-03a232cacb52" model="ir.default" context="{'studio': True}">
    <field name="field_id" ref="currency_asset_f399d44e-1867-48ed-9dee-e332e1f6770a"/>
    <field name="json_value">20</field>
  </record>
  <record id="sequence_asset_c45ca113-c686-4faf-8928-966b2e879afa" model="ir.default" context="{'studio': True}">
    <field name="field_id" ref="sequence_asset_80f52093-94a1-41b0-b3b5-27ce6794f29a"/>
    <field name="json_value">10</field>
  </record>
  <record id="stage_asset_d8f32db4-545f-433f-b43b-048d6d3141a9" model="ir.default" context="{'studio': True}">
    <field name="field_id" ref="stage_asset_f458a8f6-eb60-4021-a6ff-4104dc33f3cf"/>
    <field name="json_value">1</field>
  </record>
  <record id="active_maintenance_578b7c4e-65c1-48bf-a0c2-66c56ae50c0f" model="ir.default" context="{'studio': True}">
    <field name="field_id" ref="active_maintenance_0735a777-dd3d-4c70-8452-c05a89835cc4"/>
    <field name="json_value">true</field>
  </record>
  <record id="company_maintenance_89d2abbf-9420-406e-aec9-b623392269eb" model="ir.default" context="{'studio': True}">
    <field name="field_id" ref="company_maintenance_c22184c0-47b7-4c37-8f52-eac51e5e2530"/>
    <field name="json_value">1</field>
  </record>
  <record id="currency_maintenance_2b722cd6-ba5c-4a50-a027-d9f8f696703a" model="ir.default" context="{'studio': True}">
    <field name="field_id" ref="currency_maintenance_1ed78859-7b1e-41de-a391-a5176a005f0f"/>
    <field name="json_value">20</field>
  </record>
  <record id="sequence_maintenance_38c7bc73-ba00-42a1-b58c-2d16eb7186f4" model="ir.default" context="{'studio': True}">
    <field name="field_id" ref="sequence_maintenance_e076f858-38b4-4d0f-a30e-754dc4e2d0e2"/>
    <field name="json_value">10</field>
  </record>
  <record id="stage_maintenance_b22ee43d-b47d-4228-bcdd-97e4d88649d8" model="ir.default" context="{'studio': True}">
    <field name="field_id" ref="stage_maintenance_369dc4d0-0ffa-468e-9930-1acffbe37cae"/>
    <field name="json_value">1</field>
  </record>
  <record id="active_asset_info_24642e8f-1492-43dd-b336-a0e90f278582" model="ir.default" context="{'studio': True}">
    <field name="field_id" ref="active_asset_info_76307aea-ca6f-498e-a841-a8710ad8e6ae"/>
    <field name="json_value">true</field>
  </record>
  <record id="company_asset_info_66d54b6b-7b70-4fc3-ad2a-cc5782403d3c" model="ir.default" context="{'studio': True}">
    <field name="field_id" ref="company_asset_info_00c2a888-62fb-44ea-9201-db19049960ff"/>
    <field name="json_value">1</field>
  </record>
  <record id="currency_asset_info_ceaeec89-c467-48c7-b4c5-bada592646c4" model="ir.default" context="{'studio': True}">
    <field name="field_id" ref="currency_asset_info_782f3a71-3748-4caa-859f-6bc94a8b1300"/>
    <field name="json_value">20</field>
  </record>
  <record id="sequence_asset_info_826a7922-7b85-4e7e-b382-7bf7a7c96185" model="ir.default" context="{'studio': True}">
    <field name="field_id" ref="sequence_asset_info_a963eae5-c8ce-4807-8ad4-fa162b716ccc"/>
    <field name="json_value">10</field>
  </record>
  <record id="stage_asset_info_3851488a-1175-456b-be50-fc571c057678" model="ir.default" context="{'studio': True}">
    <field name="field_id" ref="stage_asset_info_6f4d7eaf-5571-4fff-855d-d317d5f41e09"/>
    <field name="json_value">1</field>
  </record>
  <record id="active_asset_definit_da0e0585-6310-4009-be28-24d88eaf2351" model="ir.default" context="{'studio': True}">
    <field name="field_id" ref="active_asset_definit_3c5ff4e6-9614-488c-bfd4-aa7e980af963"/>
    <field name="json_value">true</field>
  </record>
  <record id="company_asset_defini_be81b2c7-bde9-41a5-9dff-d93b854320df" model="ir.default" context="{'studio': True}">
    <field name="field_id" ref="company_asset_defini_f62b7080-397f-4737-a244-2789a3a89b1f"/>
    <field name="json_value">1</field>
  </record>
  <record id="currency_asset_defin_9b8a5605-9442-46e0-95e0-b404298404e3" model="ir.default" context="{'studio': True}">
    <field name="field_id" ref="currency_asset_defin_79797ba6-6caf-4845-88d2-ebe3c1d7e968"/>
    <field name="json_value">20</field>
  </record>
  <record id="sequence_asset_defin_7589ffcc-30c0-4d69-987d-6ebf94047a3c" model="ir.default" context="{'studio': True}">
    <field name="field_id" ref="sequence_asset_defin_4f19706c-6654-444e-b407-f8c759f92140"/>
    <field name="json_value">10</field>
  </record>
  <record id="stage_asset_definiti_ed38363e-7394-4dc6-ba5c-b9698edf172c" model="ir.default" context="{'studio': True}">
    <field name="field_id" ref="stage_asset_definiti_a87a9d2f-ed09-4afb-9011-e17c7ca54f71"/>
    <field name="json_value">1</field>
  </record>
  <record id="active_asset_informa_ee0a96fb-467c-4888-b166-af59c0837704" model="ir.default" context="{'studio': True}">
    <field name="field_id" ref="active_asset_informa_9f9ba731-1e1b-4ae8-989b-754ef4d56672"/>
    <field name="json_value">true</field>
  </record>
  <record id="company_asset_inform_027e04f9-fd53-439a-a0ba-10bbd09dc0d0" model="ir.default" context="{'studio': True}">
    <field name="field_id" ref="company_asset_inform_7ba3799e-06d1-4199-92bd-7b6fbc2f19f5"/>
    <field name="json_value">1</field>
  </record>
  <record id="currency_asset_infor_b3c4d2db-00c1-4e3f-8b34-8019f06011f4" model="ir.default" context="{'studio': True}">
    <field name="field_id" ref="currency_asset_infor_bc3e5b8a-8988-49fd-9144-22858215dd34"/>
    <field name="json_value">20</field>
  </record>
  <record id="sequence_asset_infor_62863a8e-bcfb-4596-a366-cde82cbdfb55" model="ir.default" context="{'studio': True}">
    <field name="field_id" ref="sequence_asset_infor_83cbc26b-ce7d-4b60-8a65-475ee06bae98"/>
    <field name="json_value">10</field>
  </record>
  <record id="stage_asset_informat_03de4048-e1aa-4677-a9aa-16ea412c6dbe" model="ir.default" context="{'studio': True}">
    <field name="field_id" ref="stage_asset_informat_b9b5ec70-a237-44c6-8aac-a01f24a0246c"/>
    <field name="json_value">1</field>
  </record>
  <record id="active_asset_schedul_ce850587-6334-4b24-8c07-5f25c5de7c3a" model="ir.default" context="{'studio': True}">
    <field name="field_id" ref="active_asset_schedul_c9e0d1be-7697-4baf-8b0d-ea7399efd557"/>
    <field name="json_value">true</field>
  </record>
  <record id="company_asset_schedu_cf2c3bb1-6e97-4a7a-8bc1-27aaa558473d" model="ir.default" context="{'studio': True}">
    <field name="field_id" ref="company_asset_schedu_99eda1c0-67f1-4f8e-92c2-bc78e2b95839"/>
    <field name="json_value">1</field>
  </record>
  <record id="currency_asset_sched_7c98462f-c881-4dd1-8ed2-316ab4977ab7" model="ir.default" context="{'studio': True}">
    <field name="field_id" ref="currency_asset_sched_af067129-59d2-4952-a37c-c2255fcea56c"/>
    <field name="json_value">20</field>
  </record>
  <record id="sequence_asset_sched_18e8cef4-26e9-4124-a470-9a02c83357ba" model="ir.default" context="{'studio': True}">
    <field name="field_id" ref="sequence_asset_sched_adacdb25-bd5e-492f-b6a4-e9d4a240b648"/>
    <field name="json_value">10</field>
  </record>
  <record id="stage_asset_schedule_b14a7182-dd81-4ada-8e71-ba5cc492abc4" model="ir.default" context="{'studio': True}">
    <field name="field_id" ref="stage_asset_schedule_fe2ff1b5-0ee9-4670-9ea2-2e68b7b29c82"/>
    <field name="json_value">1</field>
  </record>
  <record id="active_asset_mainten_375cef49-59af-4713-a93d-1ba3152ef56c" model="ir.default" context="{'studio': True}">
    <field name="field_id" ref="active_asset_mainten_f75e6b3b-59b0-4bb6-be3b-546fa59154bb"/>
    <field name="json_value">true</field>
  </record>
  <record id="company_asset_mainte_e7c6c2f3-c540-4177-b020-d6a7105149e6" model="ir.default" context="{'studio': True}">
    <field name="field_id" ref="company_asset_mainte_81621f08-0f78-4cc2-b787-c36858e7f8f2"/>
    <field name="json_value">1</field>
  </record>
  <record id="currency_asset_maint_76593535-dacb-439c-91ae-9c7320de3d02" model="ir.default" context="{'studio': True}">
    <field name="field_id" ref="currency_asset_maint_7e52f4c6-cfd5-4db2-96d7-f09aee70dbe3"/>
    <field name="json_value">20</field>
  </record>
  <record id="sequence_asset_maint_c0937747-c4a9-4ef1-b36d-5cce2ac62ba8" model="ir.default" context="{'studio': True}">
    <field name="field_id" ref="sequence_asset_maint_0cd94bcf-a7d8-4486-9406-3e94a87bfcc2"/>
    <field name="json_value">10</field>
  </record>
  <record id="stage_asset_maintena_c1e940b1-7641-49dd-9044-c046f54466ec" model="ir.default" context="{'studio': True}">
    <field name="field_id" ref="stage_asset_maintena_12c42309-01ad-441b-8650-464b4fb944d5"/>
    <field name="json_value">1</field>
  </record>
  <record id="active_asset_sent_fo_6cc2163a-6e71-4542-a59c-61e28bac6f9e" model="ir.default" context="{'studio': True}">
    <field name="field_id" ref="active_asset_sent_fo_38fa370e-dff1-4680-9c59-1feee293055c"/>
    <field name="json_value">true</field>
  </record>
  <record id="company_asset_sent_f_0fe01927-123b-4354-a09c-0da67139f11b" model="ir.default" context="{'studio': True}">
    <field name="field_id" ref="company_asset_sent_f_96d17e8b-d57b-45be-badb-c87245d16f29"/>
    <field name="json_value">1</field>
  </record>
  <record id="currency_asset_sent__ac7c29ed-40d1-472f-84a9-999c618bd195" model="ir.default" context="{'studio': True}">
    <field name="field_id" ref="currency_asset_sent__8b492b0b-df91-49a4-add8-48b835f849be"/>
    <field name="json_value">20</field>
  </record>
  <record id="sequence_asset_sent__7ac6aaab-dbf4-49e8-9dc5-982fcd3a1c6f" model="ir.default" context="{'studio': True}">
    <field name="field_id" ref="sequence_asset_sent__1f6d10d5-85fc-4ac4-8e9c-7ecd76f5bf1b"/>
    <field name="json_value">10</field>
  </record>
  <record id="stage_asset_sent_for_bf6a3433-0e78-4c67-98fe-d55715e9466b" model="ir.default" context="{'studio': True}">
    <field name="field_id" ref="stage_asset_sent_for_fe8ae3b2-4733-45be-a19c-c2d87703d9cb"/>
    <field name="json_value">1</field>
  </record>
  <record id="active_asset_retriev_f80205ac-710c-4e84-8f0e-99af26403deb" model="ir.default" context="{'studio': True}">
    <field name="field_id" ref="active_asset_retriev_9870fc35-350d-466d-899f-18f0986052dd"/>
    <field name="json_value">true</field>
  </record>
  <record id="company_asset_retrie_08ee4269-6f11-4bcb-b733-c17541653a1f" model="ir.default" context="{'studio': True}">
    <field name="field_id" ref="company_asset_retrie_14480f2b-c1d4-45a8-b409-91916811c395"/>
    <field name="json_value">1</field>
  </record>
  <record id="currency_asset_retri_4d7ff7fd-651e-426a-b58a-f096fbd2facf" model="ir.default" context="{'studio': True}">
    <field name="field_id" ref="currency_asset_retri_34d23112-d8e8-4468-a0f0-21020cb086a3"/>
    <field name="json_value">20</field>
  </record>
  <record id="sequence_asset_retri_8ca96285-8a0f-43e0-9bd5-0778a38acbef" model="ir.default" context="{'studio': True}">
    <field name="field_id" ref="sequence_asset_retri_2bc4422c-de57-4703-a1ba-4db02223295c"/>
    <field name="json_value">10</field>
  </record>
  <record id="stage_asset_retrieve_4f88d750-de6e-4307-9476-74862131bf22" model="ir.default" context="{'studio': True}">
    <field name="field_id" ref="stage_asset_retrieve_630a43ba-126f-425f-92d2-691ccf1c868e"/>
    <field name="json_value">1</field>
  </record>
  <record id="new_integer_asset_in_7cf5d783-e795-4318-ba41-f1499064a6f6" model="ir.default" context="{'studio': True}">
    <field name="field_id" ref="new_integer_asset_in_5a44a517-7d3d-4a42-9d4f-0e5172983f85"/>
    <field name="json_value">"0"</field>
  </record>
  <record id="new_integer_asset_ma_799611f8-fea1-4c8f-af76-ef4858316369" model="ir.default" context="{'studio': True}">
    <field name="field_id" ref="new_integer_asset_ma_5b985b7d-e144-42cd-a1d9-8e43c5253689"/>
    <field name="json_value">"0"</field>
  </record>
  <record id="new_integer_asset_se_f79f2571-a332-4ed1-9e11-9430a586e2fb" model="ir.default" context="{'studio': True}">
    <field name="field_id" ref="new_integer_asset_se_57dedd5e-2775-47b8-ae7d-9b7131059987"/>
    <field name="json_value">"0"</field>
  </record>
  <record id="new_integer_asset_re_8450c21b-cbf7-456b-b1c6-fcd9e5e55212" model="ir.default" context="{'studio': True}">
    <field name="field_id" ref="new_integer_asset_re_f0577464-2214-4fd4-a453-a6920d974bdf"/>
    <field name="json_value">"0"</field>
  </record>
</odoo>
