<?xml version='1.0' encoding='UTF-8'?>
<odoo>
  <record id="asset_9b870ee4-cb6e-4dc4-8f7f-8127b16c7edf" model="ir.model" context="{'studio': True}">
    <field name="info"><![CDATA[ Main super-class for regular database-persisted Odoo models.

    Odoo models are created by inheriting from this class::

        class ResUsers(Model):
            ...

    The system will later instantiate the class once per database (on
    which the class' module is installed).
    ]]></field>
    <field name="is_mail_thread" eval="True"/>
    <field name="is_mail_activity" eval="True"/>
    <field name="model">x_asset</field>
    <field name="name">Asset</field>
  </record>
  <record id="asset_line_feb3fb80-d4ad-4a40-b9a9-32725e4e2633" model="ir.model" context="{'studio': True}">
    <field name="info"><![CDATA[ Main super-class for regular database-persisted Odoo models.

    Odoo models are created by inheriting from this class::

        class ResUsers(Model):
            ...

    The system will later instantiate the class once per database (on
    which the class' module is installed).
    ]]></field>
    <field name="model">x_asset_line_2576b</field>
    <field name="name">asset_line</field>
  </record>
  <record id="asset_stages_c4b1241a-2f49-48d1-bf0e-178f43f79ded" model="ir.model" context="{'studio': True}">
    <field name="info"><![CDATA[ Main super-class for regular database-persisted Odoo models.

    Odoo models are created by inheriting from this class::

        class ResUsers(Model):
            ...

    The system will later instantiate the class once per database (on
    which the class' module is installed).
    ]]></field>
    <field name="model">x_asset_stage</field>
    <field name="name">Asset Stages</field>
  </record>
  <record id="asset_tags_3f185c0d-84b9-4cb5-9a1d-2bf97435d303" model="ir.model" context="{'studio': True}">
    <field name="info"><![CDATA[ Main super-class for regular database-persisted Odoo models.

    Odoo models are created by inheriting from this class::

        class ResUsers(Model):
            ...

    The system will later instantiate the class once per database (on
    which the class' module is installed).
    ]]></field>
    <field name="model">x_asset_tag</field>
    <field name="name">Asset Tags</field>
  </record>
  <record id="maintenance_22cfa210-cbd7-4781-b064-9c51d6f5b697" model="ir.model" context="{'studio': True}">
    <field name="info"><![CDATA[ Main super-class for regular database-persisted Odoo models.

    Odoo models are created by inheriting from this class::

        class ResUsers(Model):
            ...

    The system will later instantiate the class once per database (on
    which the class' module is installed).
    ]]></field>
    <field name="is_mail_thread" eval="True"/>
    <field name="is_mail_activity" eval="True"/>
    <field name="model">x_maintenance</field>
    <field name="name">Maintenance</field>
  </record>
  <record id="maintenance_line_108bd764-8faf-4541-803a-e8cf42d11369" model="ir.model" context="{'studio': True}">
    <field name="info"><![CDATA[ Main super-class for regular database-persisted Odoo models.

    Odoo models are created by inheriting from this class::

        class ResUsers(Model):
            ...

    The system will later instantiate the class once per database (on
    which the class' module is installed).
    ]]></field>
    <field name="model">x_maintenance_line_d4d63</field>
    <field name="name">maintenance_line</field>
  </record>
  <record id="maintenance_stages_fd677cd9-8a85-46d6-9fe0-d5302fc4d8b5" model="ir.model" context="{'studio': True}">
    <field name="info"><![CDATA[ Main super-class for regular database-persisted Odoo models.

    Odoo models are created by inheriting from this class::

        class ResUsers(Model):
            ...

    The system will later instantiate the class once per database (on
    which the class' module is installed).
    ]]></field>
    <field name="model">x_maintenance_stage</field>
    <field name="name">Maintenance Stages</field>
  </record>
  <record id="maintenance_tags_f27f3edb-a0cc-45a2-8b06-48e793510e4f" model="ir.model" context="{'studio': True}">
    <field name="info"><![CDATA[ Main super-class for regular database-persisted Odoo models.

    Odoo models are created by inheriting from this class::

        class ResUsers(Model):
            ...

    The system will later instantiate the class once per database (on
    which the class' module is installed).
    ]]></field>
    <field name="model">x_maintenance_tag</field>
    <field name="name">Maintenance Tags</field>
  </record>
  <record id="asset_info_4d1b12c3-af6a-43f2-8237-a114c457c67d" model="ir.model" context="{'studio': True}">
    <field name="info"><![CDATA[ Main super-class for regular database-persisted Odoo models.

    Odoo models are created by inheriting from this class::

        class ResUsers(Model):
            ...

    The system will later instantiate the class once per database (on
    which the class' module is installed).
    ]]></field>
    <field name="is_mail_thread" eval="True"/>
    <field name="is_mail_activity" eval="True"/>
    <field name="model">x_asset_info</field>
    <field name="name">Asset Info</field>
  </record>
  <record id="asset_info_line_87f1125f-2273-4088-b557-b6bb05af58dc" model="ir.model" context="{'studio': True}">
    <field name="info"><![CDATA[ Main super-class for regular database-persisted Odoo models.

    Odoo models are created by inheriting from this class::

        class ResUsers(Model):
            ...

    The system will later instantiate the class once per database (on
    which the class' module is installed).
    ]]></field>
    <field name="model">x_asset_info_line_aea66</field>
    <field name="name">asset_info_line</field>
  </record>
  <record id="asset_info_stages_72d362ca-544c-4b9b-8bcf-9af519c6d9af" model="ir.model" context="{'studio': True}">
    <field name="info"><![CDATA[ Main super-class for regular database-persisted Odoo models.

    Odoo models are created by inheriting from this class::

        class ResUsers(Model):
            ...

    The system will later instantiate the class once per database (on
    which the class' module is installed).
    ]]></field>
    <field name="model">x_asset_info_stage</field>
    <field name="name">Asset Info Stages</field>
  </record>
  <record id="asset_info_tags_9b1961f6-413a-4cf9-a290-b346a0608dff" model="ir.model" context="{'studio': True}">
    <field name="info"><![CDATA[ Main super-class for regular database-persisted Odoo models.

    Odoo models are created by inheriting from this class::

        class ResUsers(Model):
            ...

    The system will later instantiate the class once per database (on
    which the class' module is installed).
    ]]></field>
    <field name="model">x_asset_info_tag</field>
    <field name="name">Asset Info Tags</field>
  </record>
  <record id="asset_definition_d91283a2-6438-4c41-b4b4-a385fc488bfc" model="ir.model" context="{'studio': True}">
    <field name="info"><![CDATA[ Main super-class for regular database-persisted Odoo models.

    Odoo models are created by inheriting from this class::

        class ResUsers(Model):
            ...

    The system will later instantiate the class once per database (on
    which the class' module is installed).
    ]]></field>
    <field name="is_mail_thread" eval="True"/>
    <field name="is_mail_activity" eval="True"/>
    <field name="model">x_asset_definition</field>
    <field name="name">Asset Definition</field>
  </record>
  <record id="asset_definition_lin_d2b4c9b2-24c2-4029-9994-0a8a00b3fbd2" model="ir.model" context="{'studio': True}">
    <field name="info"><![CDATA[ Main super-class for regular database-persisted Odoo models.

    Odoo models are created by inheriting from this class::

        class ResUsers(Model):
            ...

    The system will later instantiate the class once per database (on
    which the class' module is installed).
    ]]></field>
    <field name="model">x_asset_definition_line_df19a</field>
    <field name="name">asset_definition_line</field>
  </record>
  <record id="asset_definition_sta_a2538682-d1eb-4fd8-9bf9-1adba989eac7" model="ir.model" context="{'studio': True}">
    <field name="info"><![CDATA[ Main super-class for regular database-persisted Odoo models.

    Odoo models are created by inheriting from this class::

        class ResUsers(Model):
            ...

    The system will later instantiate the class once per database (on
    which the class' module is installed).
    ]]></field>
    <field name="model">x_asset_definition_stage</field>
    <field name="name">Asset Definition Stages</field>
  </record>
  <record id="asset_definition_tag_ae260bce-abab-40ec-b6fc-edc3556ca09b" model="ir.model" context="{'studio': True}">
    <field name="info"><![CDATA[ Main super-class for regular database-persisted Odoo models.

    Odoo models are created by inheriting from this class::

        class ResUsers(Model):
            ...

    The system will later instantiate the class once per database (on
    which the class' module is installed).
    ]]></field>
    <field name="model">x_asset_definition_tag</field>
    <field name="name">Asset Definition Tags</field>
  </record>
  <record id="asset_information_662ebe07-7d9d-49db-9ec4-c81f5786629e" model="ir.model" context="{'studio': True}">
    <field name="info"><![CDATA[ Main super-class for regular database-persisted Odoo models.

    Odoo models are created by inheriting from this class::

        class ResUsers(Model):
            ...

    The system will later instantiate the class once per database (on
    which the class' module is installed).
    ]]></field>
    <field name="is_mail_thread" eval="True"/>
    <field name="is_mail_activity" eval="True"/>
    <field name="model">x_asset_information</field>
    <field name="name">Asset Information</field>
  </record>
  <record id="asset_information_li_04fef136-9cd2-43e2-9dac-a3443386d20e" model="ir.model" context="{'studio': True}">
    <field name="info"><![CDATA[ Main super-class for regular database-persisted Odoo models.

    Odoo models are created by inheriting from this class::

        class ResUsers(Model):
            ...

    The system will later instantiate the class once per database (on
    which the class' module is installed).
    ]]></field>
    <field name="model">x_asset_information_line_51d40</field>
    <field name="name">asset_information_line</field>
  </record>
  <record id="asset_information_st_55f72de9-658c-49d3-ad6b-50acc11795bf" model="ir.model" context="{'studio': True}">
    <field name="info"><![CDATA[ Main super-class for regular database-persisted Odoo models.

    Odoo models are created by inheriting from this class::

        class ResUsers(Model):
            ...

    The system will later instantiate the class once per database (on
    which the class' module is installed).
    ]]></field>
    <field name="model">x_asset_information_stage</field>
    <field name="name">Asset Information Stages</field>
  </record>
  <record id="asset_information_ta_56472291-78fc-41cb-b991-233a0e54f7e4" model="ir.model" context="{'studio': True}">
    <field name="info"><![CDATA[ Main super-class for regular database-persisted Odoo models.

    Odoo models are created by inheriting from this class::

        class ResUsers(Model):
            ...

    The system will later instantiate the class once per database (on
    which the class' module is installed).
    ]]></field>
    <field name="model">x_asset_information_tag</field>
    <field name="name">Asset Information Tags</field>
  </record>
  <record id="asset_schedule_maint_9e13c0b5-fb87-4fd8-8a51-fe6a5aed96f5" model="ir.model" context="{'studio': True}">
    <field name="info"><![CDATA[ Main super-class for regular database-persisted Odoo models.

    Odoo models are created by inheriting from this class::

        class ResUsers(Model):
            ...

    The system will later instantiate the class once per database (on
    which the class' module is installed).
    ]]></field>
    <field name="is_mail_thread" eval="True"/>
    <field name="is_mail_activity" eval="True"/>
    <field name="model">x_asset_schedule_maint</field>
    <field name="name">Asset Schedule Maintenance Information</field>
  </record>
  <record id="asset_schedule_maint_894a64e1-b0ee-47d4-b947-0dbf0b2778c2" model="ir.model" context="{'studio': True}">
    <field name="info"><![CDATA[ Main super-class for regular database-persisted Odoo models.

    Odoo models are created by inheriting from this class::

        class ResUsers(Model):
            ...

    The system will later instantiate the class once per database (on
    which the class' module is installed).
    ]]></field>
    <field name="model">x_asset_schedule_maint_line_be01c</field>
    <field name="name">asset_schedule_maint_line</field>
  </record>
  <record id="asset_schedule_maint_1c63271e-a45f-4e43-a2f6-505d08429067" model="ir.model" context="{'studio': True}">
    <field name="info"><![CDATA[ Main super-class for regular database-persisted Odoo models.

    Odoo models are created by inheriting from this class::

        class ResUsers(Model):
            ...

    The system will later instantiate the class once per database (on
    which the class' module is installed).
    ]]></field>
    <field name="model">x_asset_schedule_maint_stage</field>
    <field name="name">Asset Schedule Maintenance Information Stages</field>
  </record>
  <record id="asset_schedule_maint_4a1f89bb-2141-4e41-9e89-14ea49912cc5" model="ir.model" context="{'studio': True}">
    <field name="info"><![CDATA[ Main super-class for regular database-persisted Odoo models.

    Odoo models are created by inheriting from this class::

        class ResUsers(Model):
            ...

    The system will later instantiate the class once per database (on
    which the class' module is installed).
    ]]></field>
    <field name="model">x_asset_schedule_maint_tag</field>
    <field name="name">Asset Schedule Maintenance Information Tags</field>
  </record>
  <record id="asset_maintenance_c0be9c4d-d8b5-481b-ba00-aed050f39d48" model="ir.model" context="{'studio': True}">
    <field name="info"><![CDATA[ Main super-class for regular database-persisted Odoo models.

    Odoo models are created by inheriting from this class::

        class ResUsers(Model):
            ...

    The system will later instantiate the class once per database (on
    which the class' module is installed).
    ]]></field>
    <field name="is_mail_thread" eval="True"/>
    <field name="is_mail_activity" eval="True"/>
    <field name="model">x_asset_maintenance</field>
    <field name="name">Asset Maintenance</field>
  </record>
  <record id="asset_maintenance_li_9eac5647-78d7-46db-815f-7617924fc136" model="ir.model" context="{'studio': True}">
    <field name="info"><![CDATA[ Main super-class for regular database-persisted Odoo models.

    Odoo models are created by inheriting from this class::

        class ResUsers(Model):
            ...

    The system will later instantiate the class once per database (on
    which the class' module is installed).
    ]]></field>
    <field name="model">x_asset_maintenance_line_cec67</field>
    <field name="name">asset_maintenance_line</field>
  </record>
  <record id="asset_maintenance_st_aa26cef6-f31b-4314-981f-e4b5ae11cb38" model="ir.model" context="{'studio': True}">
    <field name="info"><![CDATA[ Main super-class for regular database-persisted Odoo models.

    Odoo models are created by inheriting from this class::

        class ResUsers(Model):
            ...

    The system will later instantiate the class once per database (on
    which the class' module is installed).
    ]]></field>
    <field name="model">x_asset_maintenance_stage</field>
    <field name="name">Asset Maintenance Stages</field>
  </record>
  <record id="asset_maintenance_ta_5f486678-5dc1-4772-91ef-70407747c319" model="ir.model" context="{'studio': True}">
    <field name="info"><![CDATA[ Main super-class for regular database-persisted Odoo models.

    Odoo models are created by inheriting from this class::

        class ResUsers(Model):
            ...

    The system will later instantiate the class once per database (on
    which the class' module is installed).
    ]]></field>
    <field name="model">x_asset_maintenance_tag</field>
    <field name="name">Asset Maintenance Tags</field>
  </record>
  <record id="asset_sent_for_maint_e4dfa515-277e-47a7-a8e3-5e7523cc85b1" model="ir.model" context="{'studio': True}">
    <field name="info"><![CDATA[ Main super-class for regular database-persisted Odoo models.

    Odoo models are created by inheriting from this class::

        class ResUsers(Model):
            ...

    The system will later instantiate the class once per database (on
    which the class' module is installed).
    ]]></field>
    <field name="is_mail_thread" eval="True"/>
    <field name="is_mail_activity" eval="True"/>
    <field name="model">x_asset_sent_for_maint</field>
    <field name="name">Asset Sent for Maintenance</field>
  </record>
  <record id="asset_sent_for_maint_2920b09b-da14-4862-9ff2-3da20c492137" model="ir.model" context="{'studio': True}">
    <field name="info"><![CDATA[ Main super-class for regular database-persisted Odoo models.

    Odoo models are created by inheriting from this class::

        class ResUsers(Model):
            ...

    The system will later instantiate the class once per database (on
    which the class' module is installed).
    ]]></field>
    <field name="model">x_asset_sent_for_maint_line_b1313</field>
    <field name="name">asset_sent_for_maint_line</field>
  </record>
  <record id="asset_sent_for_maint_636ab4f5-d21d-49f4-8688-88858db14190" model="ir.model" context="{'studio': True}">
    <field name="info"><![CDATA[ Main super-class for regular database-persisted Odoo models.

    Odoo models are created by inheriting from this class::

        class ResUsers(Model):
            ...

    The system will later instantiate the class once per database (on
    which the class' module is installed).
    ]]></field>
    <field name="model">x_asset_sent_for_maint_stage</field>
    <field name="name">Asset Sent for Maintenance Stages</field>
  </record>
  <record id="asset_sent_for_maint_fabc41c2-8252-47b9-8afe-78082f1f47e9" model="ir.model" context="{'studio': True}">
    <field name="info"><![CDATA[ Main super-class for regular database-persisted Odoo models.

    Odoo models are created by inheriting from this class::

        class ResUsers(Model):
            ...

    The system will later instantiate the class once per database (on
    which the class' module is installed).
    ]]></field>
    <field name="model">x_asset_sent_for_maint_tag</field>
    <field name="name">Asset Sent for Maintenance Tags</field>
  </record>
  <record id="asset_retrieved_from_8f27978c-4b0f-4f95-8a23-7d7d09d39c75" model="ir.model" context="{'studio': True}">
    <field name="info"><![CDATA[ Main super-class for regular database-persisted Odoo models.

    Odoo models are created by inheriting from this class::

        class ResUsers(Model):
            ...

    The system will later instantiate the class once per database (on
    which the class' module is installed).
    ]]></field>
    <field name="is_mail_thread" eval="True"/>
    <field name="is_mail_activity" eval="True"/>
    <field name="model">x_asset_retrieved_from</field>
    <field name="name">Asset Retrieved from Maintenance</field>
  </record>
  <record id="asset_retrieved_from_39fc6fed-3f70-4e4d-86f3-4c38ca9158c3" model="ir.model" context="{'studio': True}">
    <field name="info"><![CDATA[ Main super-class for regular database-persisted Odoo models.

    Odoo models are created by inheriting from this class::

        class ResUsers(Model):
            ...

    The system will later instantiate the class once per database (on
    which the class' module is installed).
    ]]></field>
    <field name="model">x_asset_retrieved_from_line_61037</field>
    <field name="name">asset_retrieved_from_line</field>
  </record>
  <record id="asset_retrieved_from_bf9a2da4-3f1d-40dd-ba2d-cdf70f495a47" model="ir.model" context="{'studio': True}">
    <field name="info"><![CDATA[ Main super-class for regular database-persisted Odoo models.

    Odoo models are created by inheriting from this class::

        class ResUsers(Model):
            ...

    The system will later instantiate the class once per database (on
    which the class' module is installed).
    ]]></field>
    <field name="model">x_asset_retrieved_from_stage</field>
    <field name="name">Asset Retrieved from Maintenance Stages</field>
  </record>
  <record id="asset_retrieved_from_af0e4f6a-3592-45e6-aea2-daa786eedd17" model="ir.model" context="{'studio': True}">
    <field name="info"><![CDATA[ Main super-class for regular database-persisted Odoo models.

    Odoo models are created by inheriting from this class::

        class ResUsers(Model):
            ...

    The system will later instantiate the class once per database (on
    which the class' module is installed).
    ]]></field>
    <field name="model">x_asset_retrieved_from_tag</field>
    <field name="name">Asset Retrieved from Maintenance Tags</field>
  </record>
</odoo>
