<?xml version='1.0' encoding='UTF-8'?>
<odoo>
  <record id="asset_group_system_38f5c54e-0020-43c3-99ca-25de59caac1b" model="ir.model.access" context="{'studio': True}">
    <field name="group_id" ref="base.group_system"/>
    <field name="model_id" ref="asset_9b870ee4-cb6e-4dc4-8f7f-8127b16c7edf"/>
    <field name="name">Asset group_system</field>
    <field name="perm_create" eval="True"/>
    <field name="perm_read" eval="True"/>
    <field name="perm_unlink" eval="True"/>
    <field name="perm_write" eval="True"/>
  </record>
  <record id="asset_group_user_090d0e81-afce-4fba-b9a1-789074730fe0" model="ir.model.access" context="{'studio': True}">
    <field name="group_id" ref="base.group_user"/>
    <field name="model_id" ref="asset_9b870ee4-cb6e-4dc4-8f7f-8127b16c7edf"/>
    <field name="name">Asset group_user</field>
    <field name="perm_create" eval="True"/>
    <field name="perm_read" eval="True"/>
    <field name="perm_write" eval="True"/>
  </record>
  <record id="asset_line_group_sys_7b7038e7-6ec2-4341-822b-2feb0d98bf78" model="ir.model.access" context="{'studio': True}">
    <field name="group_id" ref="base.group_system"/>
    <field name="model_id" ref="asset_line_feb3fb80-d4ad-4a40-b9a9-32725e4e2633"/>
    <field name="name">asset_line group_system</field>
    <field name="perm_create" eval="True"/>
    <field name="perm_read" eval="True"/>
    <field name="perm_unlink" eval="True"/>
    <field name="perm_write" eval="True"/>
  </record>
  <record id="asset_line_group_use_3d48b199-41e4-4641-811d-b41f8c7ba05a" model="ir.model.access" context="{'studio': True}">
    <field name="group_id" ref="base.group_user"/>
    <field name="model_id" ref="asset_line_feb3fb80-d4ad-4a40-b9a9-32725e4e2633"/>
    <field name="name">asset_line group_user</field>
    <field name="perm_create" eval="True"/>
    <field name="perm_read" eval="True"/>
    <field name="perm_write" eval="True"/>
  </record>
  <record id="asset_stages_group_s_0898f4ec-dbf1-4ee2-b38b-97f413ba3c6a" model="ir.model.access" context="{'studio': True}">
    <field name="group_id" ref="base.group_system"/>
    <field name="model_id" ref="asset_stages_c4b1241a-2f49-48d1-bf0e-178f43f79ded"/>
    <field name="name">Asset Stages group_system</field>
    <field name="perm_create" eval="True"/>
    <field name="perm_read" eval="True"/>
    <field name="perm_unlink" eval="True"/>
    <field name="perm_write" eval="True"/>
  </record>
  <record id="asset_stages_group_u_e5d15200-cf67-443d-b259-0ba2af34bbb6" model="ir.model.access" context="{'studio': True}">
    <field name="group_id" ref="base.group_user"/>
    <field name="model_id" ref="asset_stages_c4b1241a-2f49-48d1-bf0e-178f43f79ded"/>
    <field name="name">Asset Stages group_user</field>
    <field name="perm_create" eval="True"/>
    <field name="perm_read" eval="True"/>
    <field name="perm_write" eval="True"/>
  </record>
  <record id="asset_tags_group_sys_b0958228-fb53-4445-b437-5a00caeb8465" model="ir.model.access" context="{'studio': True}">
    <field name="group_id" ref="base.group_system"/>
    <field name="model_id" ref="asset_tags_3f185c0d-84b9-4cb5-9a1d-2bf97435d303"/>
    <field name="name">Asset Tags group_system</field>
    <field name="perm_create" eval="True"/>
    <field name="perm_read" eval="True"/>
    <field name="perm_unlink" eval="True"/>
    <field name="perm_write" eval="True"/>
  </record>
  <record id="asset_tags_group_use_7df8f66f-f1d4-4b7c-bae4-8b38c9c24ce0" model="ir.model.access" context="{'studio': True}">
    <field name="group_id" ref="base.group_user"/>
    <field name="model_id" ref="asset_tags_3f185c0d-84b9-4cb5-9a1d-2bf97435d303"/>
    <field name="name">Asset Tags group_user</field>
    <field name="perm_create" eval="True"/>
    <field name="perm_read" eval="True"/>
    <field name="perm_write" eval="True"/>
  </record>
  <record id="maintenance_group_sy_e19e9f26-1b6e-4d61-a419-b113c78fca03" model="ir.model.access" context="{'studio': True}">
    <field name="group_id" ref="base.group_system"/>
    <field name="model_id" ref="maintenance_22cfa210-cbd7-4781-b064-9c51d6f5b697"/>
    <field name="name">Maintenance group_system</field>
    <field name="perm_create" eval="True"/>
    <field name="perm_read" eval="True"/>
    <field name="perm_unlink" eval="True"/>
    <field name="perm_write" eval="True"/>
  </record>
  <record id="maintenance_group_us_8aa8fc80-c914-430b-959c-094ee2bac547" model="ir.model.access" context="{'studio': True}">
    <field name="group_id" ref="base.group_user"/>
    <field name="model_id" ref="maintenance_22cfa210-cbd7-4781-b064-9c51d6f5b697"/>
    <field name="name">Maintenance group_user</field>
    <field name="perm_create" eval="True"/>
    <field name="perm_read" eval="True"/>
    <field name="perm_write" eval="True"/>
  </record>
  <record id="maintenance_line_gro_996b1747-85e5-4442-95ad-8167b6e1a786" model="ir.model.access" context="{'studio': True}">
    <field name="group_id" ref="base.group_system"/>
    <field name="model_id" ref="maintenance_line_108bd764-8faf-4541-803a-e8cf42d11369"/>
    <field name="name">maintenance_line group_system</field>
    <field name="perm_create" eval="True"/>
    <field name="perm_read" eval="True"/>
    <field name="perm_unlink" eval="True"/>
    <field name="perm_write" eval="True"/>
  </record>
  <record id="maintenance_line_gro_67888e3e-01c8-43b7-b156-6214526e016c" model="ir.model.access" context="{'studio': True}">
    <field name="group_id" ref="base.group_user"/>
    <field name="model_id" ref="maintenance_line_108bd764-8faf-4541-803a-e8cf42d11369"/>
    <field name="name">maintenance_line group_user</field>
    <field name="perm_create" eval="True"/>
    <field name="perm_read" eval="True"/>
    <field name="perm_write" eval="True"/>
  </record>
  <record id="maintenance_stages_g_c17b61df-c9ed-4b98-b386-1210e6b3a496" model="ir.model.access" context="{'studio': True}">
    <field name="group_id" ref="base.group_system"/>
    <field name="model_id" ref="maintenance_stages_fd677cd9-8a85-46d6-9fe0-d5302fc4d8b5"/>
    <field name="name">Maintenance Stages group_system</field>
    <field name="perm_create" eval="True"/>
    <field name="perm_read" eval="True"/>
    <field name="perm_unlink" eval="True"/>
    <field name="perm_write" eval="True"/>
  </record>
  <record id="maintenance_stages_g_f101c020-05f1-4ead-acd7-fcfe405747e5" model="ir.model.access" context="{'studio': True}">
    <field name="group_id" ref="base.group_user"/>
    <field name="model_id" ref="maintenance_stages_fd677cd9-8a85-46d6-9fe0-d5302fc4d8b5"/>
    <field name="name">Maintenance Stages group_user</field>
    <field name="perm_create" eval="True"/>
    <field name="perm_read" eval="True"/>
    <field name="perm_write" eval="True"/>
  </record>
  <record id="maintenance_tags_gro_1a20e66b-552f-4789-8ccc-d892c361b9bc" model="ir.model.access" context="{'studio': True}">
    <field name="group_id" ref="base.group_system"/>
    <field name="model_id" ref="maintenance_tags_f27f3edb-a0cc-45a2-8b06-48e793510e4f"/>
    <field name="name">Maintenance Tags group_system</field>
    <field name="perm_create" eval="True"/>
    <field name="perm_read" eval="True"/>
    <field name="perm_unlink" eval="True"/>
    <field name="perm_write" eval="True"/>
  </record>
  <record id="maintenance_tags_gro_6e2b6fde-1832-491f-95a9-ef26d4d4de30" model="ir.model.access" context="{'studio': True}">
    <field name="group_id" ref="base.group_user"/>
    <field name="model_id" ref="maintenance_tags_f27f3edb-a0cc-45a2-8b06-48e793510e4f"/>
    <field name="name">Maintenance Tags group_user</field>
    <field name="perm_create" eval="True"/>
    <field name="perm_read" eval="True"/>
    <field name="perm_write" eval="True"/>
  </record>
  <record id="asset_info_group_sys_eb974916-a3ab-4ae8-afe8-6fa75f622d62" model="ir.model.access" context="{'studio': True}">
    <field name="group_id" ref="base.group_system"/>
    <field name="model_id" ref="asset_info_4d1b12c3-af6a-43f2-8237-a114c457c67d"/>
    <field name="name">Asset Info group_system</field>
    <field name="perm_create" eval="True"/>
    <field name="perm_read" eval="True"/>
    <field name="perm_unlink" eval="True"/>
    <field name="perm_write" eval="True"/>
  </record>
  <record id="asset_info_group_use_ab8fe431-7c4a-4d6a-8c0d-3d6139c84d7d" model="ir.model.access" context="{'studio': True}">
    <field name="group_id" ref="base.group_user"/>
    <field name="model_id" ref="asset_info_4d1b12c3-af6a-43f2-8237-a114c457c67d"/>
    <field name="name">Asset Info group_user</field>
    <field name="perm_create" eval="True"/>
    <field name="perm_read" eval="True"/>
    <field name="perm_write" eval="True"/>
  </record>
  <record id="asset_info_line_grou_bddd5f24-9330-493a-a4f5-e073b9837f9b" model="ir.model.access" context="{'studio': True}">
    <field name="group_id" ref="base.group_system"/>
    <field name="model_id" ref="asset_info_line_87f1125f-2273-4088-b557-b6bb05af58dc"/>
    <field name="name">asset_info_line group_system</field>
    <field name="perm_create" eval="True"/>
    <field name="perm_read" eval="True"/>
    <field name="perm_unlink" eval="True"/>
    <field name="perm_write" eval="True"/>
  </record>
  <record id="asset_info_line_grou_9a4e9d4d-2ad9-481b-9fb8-cf84f28a4176" model="ir.model.access" context="{'studio': True}">
    <field name="group_id" ref="base.group_user"/>
    <field name="model_id" ref="asset_info_line_87f1125f-2273-4088-b557-b6bb05af58dc"/>
    <field name="name">asset_info_line group_user</field>
    <field name="perm_create" eval="True"/>
    <field name="perm_read" eval="True"/>
    <field name="perm_write" eval="True"/>
  </record>
  <record id="asset_info_stages_gr_7f41a2c8-b582-42b4-81e8-95bb0e1b31a6" model="ir.model.access" context="{'studio': True}">
    <field name="group_id" ref="base.group_system"/>
    <field name="model_id" ref="asset_info_stages_72d362ca-544c-4b9b-8bcf-9af519c6d9af"/>
    <field name="name">Asset Info Stages group_system</field>
    <field name="perm_create" eval="True"/>
    <field name="perm_read" eval="True"/>
    <field name="perm_unlink" eval="True"/>
    <field name="perm_write" eval="True"/>
  </record>
  <record id="asset_info_stages_gr_a496cf55-0c0b-4e0b-8be9-435b0492346d" model="ir.model.access" context="{'studio': True}">
    <field name="group_id" ref="base.group_user"/>
    <field name="model_id" ref="asset_info_stages_72d362ca-544c-4b9b-8bcf-9af519c6d9af"/>
    <field name="name">Asset Info Stages group_user</field>
    <field name="perm_create" eval="True"/>
    <field name="perm_read" eval="True"/>
    <field name="perm_write" eval="True"/>
  </record>
  <record id="asset_info_tags_grou_9248e271-1dec-4e74-a913-7feb7b77cdf8" model="ir.model.access" context="{'studio': True}">
    <field name="group_id" ref="base.group_system"/>
    <field name="model_id" ref="asset_info_tags_9b1961f6-413a-4cf9-a290-b346a0608dff"/>
    <field name="name">Asset Info Tags group_system</field>
    <field name="perm_create" eval="True"/>
    <field name="perm_read" eval="True"/>
    <field name="perm_unlink" eval="True"/>
    <field name="perm_write" eval="True"/>
  </record>
  <record id="asset_info_tags_grou_6f7d6593-9bd6-4d6e-8f92-346f07c6bbe9" model="ir.model.access" context="{'studio': True}">
    <field name="group_id" ref="base.group_user"/>
    <field name="model_id" ref="asset_info_tags_9b1961f6-413a-4cf9-a290-b346a0608dff"/>
    <field name="name">Asset Info Tags group_user</field>
    <field name="perm_create" eval="True"/>
    <field name="perm_read" eval="True"/>
    <field name="perm_write" eval="True"/>
  </record>
  <record id="asset_definition_gro_8fa70496-03cf-476a-a634-414460b5ed62" model="ir.model.access" context="{'studio': True}">
    <field name="group_id" ref="base.group_system"/>
    <field name="model_id" ref="asset_definition_d91283a2-6438-4c41-b4b4-a385fc488bfc"/>
    <field name="name">Asset Definition group_system</field>
    <field name="perm_create" eval="True"/>
    <field name="perm_read" eval="True"/>
    <field name="perm_unlink" eval="True"/>
    <field name="perm_write" eval="True"/>
  </record>
  <record id="asset_definition_gro_e68cf683-add3-4ec3-9883-2b54d5581167" model="ir.model.access" context="{'studio': True}">
    <field name="group_id" ref="base.group_user"/>
    <field name="model_id" ref="asset_definition_d91283a2-6438-4c41-b4b4-a385fc488bfc"/>
    <field name="name">Asset Definition group_user</field>
    <field name="perm_create" eval="True"/>
    <field name="perm_read" eval="True"/>
    <field name="perm_write" eval="True"/>
  </record>
  <record id="asset_definition_lin_b74d1bdf-0c1a-46ee-be21-98ae482f79e4" model="ir.model.access" context="{'studio': True}">
    <field name="group_id" ref="base.group_system"/>
    <field name="model_id" ref="asset_definition_lin_d2b4c9b2-24c2-4029-9994-0a8a00b3fbd2"/>
    <field name="name">asset_definition_line group_system</field>
    <field name="perm_create" eval="True"/>
    <field name="perm_read" eval="True"/>
    <field name="perm_unlink" eval="True"/>
    <field name="perm_write" eval="True"/>
  </record>
  <record id="asset_definition_lin_8fbab4a5-2911-497d-988b-cebdfba46a44" model="ir.model.access" context="{'studio': True}">
    <field name="group_id" ref="base.group_user"/>
    <field name="model_id" ref="asset_definition_lin_d2b4c9b2-24c2-4029-9994-0a8a00b3fbd2"/>
    <field name="name">asset_definition_line group_user</field>
    <field name="perm_create" eval="True"/>
    <field name="perm_read" eval="True"/>
    <field name="perm_write" eval="True"/>
  </record>
  <record id="asset_definition_sta_e9328add-6f10-4692-96e8-35db763f192c" model="ir.model.access" context="{'studio': True}">
    <field name="group_id" ref="base.group_system"/>
    <field name="model_id" ref="asset_definition_sta_a2538682-d1eb-4fd8-9bf9-1adba989eac7"/>
    <field name="name">Asset Definition Stages group_system</field>
    <field name="perm_create" eval="True"/>
    <field name="perm_read" eval="True"/>
    <field name="perm_unlink" eval="True"/>
    <field name="perm_write" eval="True"/>
  </record>
  <record id="asset_definition_sta_747c283c-ad33-4486-8c6e-415ab341d155" model="ir.model.access" context="{'studio': True}">
    <field name="group_id" ref="base.group_user"/>
    <field name="model_id" ref="asset_definition_sta_a2538682-d1eb-4fd8-9bf9-1adba989eac7"/>
    <field name="name">Asset Definition Stages group_user</field>
    <field name="perm_create" eval="True"/>
    <field name="perm_read" eval="True"/>
    <field name="perm_write" eval="True"/>
  </record>
  <record id="asset_definition_tag_1982765c-36c2-4926-bd2b-75876047f54c" model="ir.model.access" context="{'studio': True}">
    <field name="group_id" ref="base.group_system"/>
    <field name="model_id" ref="asset_definition_tag_ae260bce-abab-40ec-b6fc-edc3556ca09b"/>
    <field name="name">Asset Definition Tags group_system</field>
    <field name="perm_create" eval="True"/>
    <field name="perm_read" eval="True"/>
    <field name="perm_unlink" eval="True"/>
    <field name="perm_write" eval="True"/>
  </record>
  <record id="asset_definition_tag_73000f3e-57c0-4a69-b7d4-0e4316b48ef2" model="ir.model.access" context="{'studio': True}">
    <field name="group_id" ref="base.group_user"/>
    <field name="model_id" ref="asset_definition_tag_ae260bce-abab-40ec-b6fc-edc3556ca09b"/>
    <field name="name">Asset Definition Tags group_user</field>
    <field name="perm_create" eval="True"/>
    <field name="perm_read" eval="True"/>
    <field name="perm_write" eval="True"/>
  </record>
  <record id="asset_information_gr_0706f51a-121c-486f-a2f0-1e5cee166afe" model="ir.model.access" context="{'studio': True}">
    <field name="group_id" ref="base.group_system"/>
    <field name="model_id" ref="asset_information_662ebe07-7d9d-49db-9ec4-c81f5786629e"/>
    <field name="name">Asset Information group_system</field>
    <field name="perm_create" eval="True"/>
    <field name="perm_read" eval="True"/>
    <field name="perm_unlink" eval="True"/>
    <field name="perm_write" eval="True"/>
  </record>
  <record id="asset_information_gr_50b40213-ddd1-4077-9e1e-941af2bad63d" model="ir.model.access" context="{'studio': True}">
    <field name="group_id" ref="base.group_user"/>
    <field name="model_id" ref="asset_information_662ebe07-7d9d-49db-9ec4-c81f5786629e"/>
    <field name="name">Asset Information group_user</field>
    <field name="perm_create" eval="True"/>
    <field name="perm_read" eval="True"/>
    <field name="perm_write" eval="True"/>
  </record>
  <record id="asset_information_li_edc407d0-6778-4ee6-9189-69d953c08f4d" model="ir.model.access" context="{'studio': True}">
    <field name="group_id" ref="base.group_system"/>
    <field name="model_id" ref="asset_information_li_04fef136-9cd2-43e2-9dac-a3443386d20e"/>
    <field name="name">asset_information_line group_system</field>
    <field name="perm_create" eval="True"/>
    <field name="perm_read" eval="True"/>
    <field name="perm_unlink" eval="True"/>
    <field name="perm_write" eval="True"/>
  </record>
  <record id="asset_information_li_7bfbe30b-bac1-4a43-89a5-cf53e5f867b0" model="ir.model.access" context="{'studio': True}">
    <field name="group_id" ref="base.group_user"/>
    <field name="model_id" ref="asset_information_li_04fef136-9cd2-43e2-9dac-a3443386d20e"/>
    <field name="name">asset_information_line group_user</field>
    <field name="perm_create" eval="True"/>
    <field name="perm_read" eval="True"/>
    <field name="perm_write" eval="True"/>
  </record>
  <record id="asset_information_st_27d2628e-fcf2-4d81-81eb-5392c8263b13" model="ir.model.access" context="{'studio': True}">
    <field name="group_id" ref="base.group_system"/>
    <field name="model_id" ref="asset_information_st_55f72de9-658c-49d3-ad6b-50acc11795bf"/>
    <field name="name">Asset Information Stages group_system</field>
    <field name="perm_create" eval="True"/>
    <field name="perm_read" eval="True"/>
    <field name="perm_unlink" eval="True"/>
    <field name="perm_write" eval="True"/>
  </record>
  <record id="asset_information_st_6db3ead2-883e-4076-b97e-92eb396b36a8" model="ir.model.access" context="{'studio': True}">
    <field name="group_id" ref="base.group_user"/>
    <field name="model_id" ref="asset_information_st_55f72de9-658c-49d3-ad6b-50acc11795bf"/>
    <field name="name">Asset Information Stages group_user</field>
    <field name="perm_create" eval="True"/>
    <field name="perm_read" eval="True"/>
    <field name="perm_write" eval="True"/>
  </record>
  <record id="asset_information_ta_89a960a0-2d56-4456-bab6-d1540137918d" model="ir.model.access" context="{'studio': True}">
    <field name="group_id" ref="base.group_system"/>
    <field name="model_id" ref="asset_information_ta_56472291-78fc-41cb-b991-233a0e54f7e4"/>
    <field name="name">Asset Information Tags group_system</field>
    <field name="perm_create" eval="True"/>
    <field name="perm_read" eval="True"/>
    <field name="perm_unlink" eval="True"/>
    <field name="perm_write" eval="True"/>
  </record>
  <record id="asset_information_ta_cfa024c9-815d-4399-87b7-701e399d4be6" model="ir.model.access" context="{'studio': True}">
    <field name="group_id" ref="base.group_user"/>
    <field name="model_id" ref="asset_information_ta_56472291-78fc-41cb-b991-233a0e54f7e4"/>
    <field name="name">Asset Information Tags group_user</field>
    <field name="perm_create" eval="True"/>
    <field name="perm_read" eval="True"/>
    <field name="perm_write" eval="True"/>
  </record>
  <record id="asset_schedule_maint_5f943a82-bf48-4f7f-94c5-fcd6bf99e908" model="ir.model.access" context="{'studio': True}">
    <field name="group_id" ref="base.group_system"/>
    <field name="model_id" ref="asset_schedule_maint_9e13c0b5-fb87-4fd8-8a51-fe6a5aed96f5"/>
    <field name="name">Asset Schedule Maintenance Information group_system</field>
    <field name="perm_create" eval="True"/>
    <field name="perm_read" eval="True"/>
    <field name="perm_unlink" eval="True"/>
    <field name="perm_write" eval="True"/>
  </record>
  <record id="asset_schedule_maint_df80274b-0ebf-408a-94bd-d744fb5e9bb3" model="ir.model.access" context="{'studio': True}">
    <field name="group_id" ref="base.group_user"/>
    <field name="model_id" ref="asset_schedule_maint_9e13c0b5-fb87-4fd8-8a51-fe6a5aed96f5"/>
    <field name="name">Asset Schedule Maintenance Information group_user</field>
    <field name="perm_create" eval="True"/>
    <field name="perm_read" eval="True"/>
    <field name="perm_write" eval="True"/>
  </record>
  <record id="asset_schedule_maint_a7373187-1000-4d55-b792-80356bbeb352" model="ir.model.access" context="{'studio': True}">
    <field name="group_id" ref="base.group_system"/>
    <field name="model_id" ref="asset_schedule_maint_894a64e1-b0ee-47d4-b947-0dbf0b2778c2"/>
    <field name="name">asset_schedule_maint_line group_system</field>
    <field name="perm_create" eval="True"/>
    <field name="perm_read" eval="True"/>
    <field name="perm_unlink" eval="True"/>
    <field name="perm_write" eval="True"/>
  </record>
  <record id="asset_schedule_maint_9fe48d11-42b7-4026-9d1c-9442da496e9b" model="ir.model.access" context="{'studio': True}">
    <field name="group_id" ref="base.group_user"/>
    <field name="model_id" ref="asset_schedule_maint_894a64e1-b0ee-47d4-b947-0dbf0b2778c2"/>
    <field name="name">asset_schedule_maint_line group_user</field>
    <field name="perm_create" eval="True"/>
    <field name="perm_read" eval="True"/>
    <field name="perm_write" eval="True"/>
  </record>
  <record id="asset_schedule_maint_1432859b-812e-43e9-8375-ccf841805ea2" model="ir.model.access" context="{'studio': True}">
    <field name="group_id" ref="base.group_system"/>
    <field name="model_id" ref="asset_schedule_maint_1c63271e-a45f-4e43-a2f6-505d08429067"/>
    <field name="name">Asset Schedule Maintenance Information Stages group_system</field>
    <field name="perm_create" eval="True"/>
    <field name="perm_read" eval="True"/>
    <field name="perm_unlink" eval="True"/>
    <field name="perm_write" eval="True"/>
  </record>
  <record id="asset_schedule_maint_d6fdfada-4676-490f-a0e0-cb0ebbd857e4" model="ir.model.access" context="{'studio': True}">
    <field name="group_id" ref="base.group_user"/>
    <field name="model_id" ref="asset_schedule_maint_1c63271e-a45f-4e43-a2f6-505d08429067"/>
    <field name="name">Asset Schedule Maintenance Information Stages group_user</field>
    <field name="perm_create" eval="True"/>
    <field name="perm_read" eval="True"/>
    <field name="perm_write" eval="True"/>
  </record>
  <record id="asset_schedule_maint_19d5296b-437f-4356-956f-752c20c1e8a5" model="ir.model.access" context="{'studio': True}">
    <field name="group_id" ref="base.group_system"/>
    <field name="model_id" ref="asset_schedule_maint_4a1f89bb-2141-4e41-9e89-14ea49912cc5"/>
    <field name="name">Asset Schedule Maintenance Information Tags group_system</field>
    <field name="perm_create" eval="True"/>
    <field name="perm_read" eval="True"/>
    <field name="perm_unlink" eval="True"/>
    <field name="perm_write" eval="True"/>
  </record>
  <record id="asset_schedule_maint_e7609a42-eda5-405c-9921-e8ab30c2e677" model="ir.model.access" context="{'studio': True}">
    <field name="group_id" ref="base.group_user"/>
    <field name="model_id" ref="asset_schedule_maint_4a1f89bb-2141-4e41-9e89-14ea49912cc5"/>
    <field name="name">Asset Schedule Maintenance Information Tags group_user</field>
    <field name="perm_create" eval="True"/>
    <field name="perm_read" eval="True"/>
    <field name="perm_write" eval="True"/>
  </record>
  <record id="asset_maintenance_gr_33151e34-6576-42fe-ab9c-06736eaf86c3" model="ir.model.access" context="{'studio': True}">
    <field name="group_id" ref="base.group_system"/>
    <field name="model_id" ref="asset_maintenance_c0be9c4d-d8b5-481b-ba00-aed050f39d48"/>
    <field name="name">Asset Maintenance group_system</field>
    <field name="perm_create" eval="True"/>
    <field name="perm_read" eval="True"/>
    <field name="perm_unlink" eval="True"/>
    <field name="perm_write" eval="True"/>
  </record>
  <record id="asset_maintenance_gr_ba6a7eb3-e379-4420-ac99-99de0fc83479" model="ir.model.access" context="{'studio': True}">
    <field name="group_id" ref="base.group_user"/>
    <field name="model_id" ref="asset_maintenance_c0be9c4d-d8b5-481b-ba00-aed050f39d48"/>
    <field name="name">Asset Maintenance group_user</field>
    <field name="perm_create" eval="True"/>
    <field name="perm_read" eval="True"/>
    <field name="perm_write" eval="True"/>
  </record>
  <record id="asset_maintenance_li_1ead6139-badd-4270-9ca4-faa5c07cd180" model="ir.model.access" context="{'studio': True}">
    <field name="group_id" ref="base.group_system"/>
    <field name="model_id" ref="asset_maintenance_li_9eac5647-78d7-46db-815f-7617924fc136"/>
    <field name="name">asset_maintenance_line group_system</field>
    <field name="perm_create" eval="True"/>
    <field name="perm_read" eval="True"/>
    <field name="perm_unlink" eval="True"/>
    <field name="perm_write" eval="True"/>
  </record>
  <record id="asset_maintenance_li_562980a8-3040-48a5-bf3e-d6b201ebafbf" model="ir.model.access" context="{'studio': True}">
    <field name="group_id" ref="base.group_user"/>
    <field name="model_id" ref="asset_maintenance_li_9eac5647-78d7-46db-815f-7617924fc136"/>
    <field name="name">asset_maintenance_line group_user</field>
    <field name="perm_create" eval="True"/>
    <field name="perm_read" eval="True"/>
    <field name="perm_write" eval="True"/>
  </record>
  <record id="asset_maintenance_st_56fd5f2e-93ec-4fb8-b242-bfa79afac1b5" model="ir.model.access" context="{'studio': True}">
    <field name="group_id" ref="base.group_system"/>
    <field name="model_id" ref="asset_maintenance_st_aa26cef6-f31b-4314-981f-e4b5ae11cb38"/>
    <field name="name">Asset Maintenance Stages group_system</field>
    <field name="perm_create" eval="True"/>
    <field name="perm_read" eval="True"/>
    <field name="perm_unlink" eval="True"/>
    <field name="perm_write" eval="True"/>
  </record>
  <record id="asset_maintenance_st_a0380ef0-98e1-4ada-86a2-8fb1877644eb" model="ir.model.access" context="{'studio': True}">
    <field name="group_id" ref="base.group_user"/>
    <field name="model_id" ref="asset_maintenance_st_aa26cef6-f31b-4314-981f-e4b5ae11cb38"/>
    <field name="name">Asset Maintenance Stages group_user</field>
    <field name="perm_create" eval="True"/>
    <field name="perm_read" eval="True"/>
    <field name="perm_write" eval="True"/>
  </record>
  <record id="asset_maintenance_ta_b73ef8fe-0a8e-46af-8cc5-21afede9633c" model="ir.model.access" context="{'studio': True}">
    <field name="group_id" ref="base.group_system"/>
    <field name="model_id" ref="asset_maintenance_ta_5f486678-5dc1-4772-91ef-70407747c319"/>
    <field name="name">Asset Maintenance Tags group_system</field>
    <field name="perm_create" eval="True"/>
    <field name="perm_read" eval="True"/>
    <field name="perm_unlink" eval="True"/>
    <field name="perm_write" eval="True"/>
  </record>
  <record id="asset_maintenance_ta_e6281334-2326-42c4-bf82-b1692a56ada5" model="ir.model.access" context="{'studio': True}">
    <field name="group_id" ref="base.group_user"/>
    <field name="model_id" ref="asset_maintenance_ta_5f486678-5dc1-4772-91ef-70407747c319"/>
    <field name="name">Asset Maintenance Tags group_user</field>
    <field name="perm_create" eval="True"/>
    <field name="perm_read" eval="True"/>
    <field name="perm_write" eval="True"/>
  </record>
  <record id="asset_sent_for_maint_ffb33a1b-dbdf-44f0-8944-96a1c94f8352" model="ir.model.access" context="{'studio': True}">
    <field name="group_id" ref="base.group_system"/>
    <field name="model_id" ref="asset_sent_for_maint_e4dfa515-277e-47a7-a8e3-5e7523cc85b1"/>
    <field name="name">Asset Sent for Maintenance group_system</field>
    <field name="perm_create" eval="True"/>
    <field name="perm_read" eval="True"/>
    <field name="perm_unlink" eval="True"/>
    <field name="perm_write" eval="True"/>
  </record>
  <record id="asset_sent_for_maint_87e84df1-43f0-49b7-bd10-84dc0c16e9cd" model="ir.model.access" context="{'studio': True}">
    <field name="group_id" ref="base.group_user"/>
    <field name="model_id" ref="asset_sent_for_maint_e4dfa515-277e-47a7-a8e3-5e7523cc85b1"/>
    <field name="name">Asset Sent for Maintenance group_user</field>
    <field name="perm_create" eval="True"/>
    <field name="perm_read" eval="True"/>
    <field name="perm_write" eval="True"/>
  </record>
  <record id="asset_sent_for_maint_ab87715b-ac9d-48a4-a476-65a45de34b7e" model="ir.model.access" context="{'studio': True}">
    <field name="group_id" ref="base.group_system"/>
    <field name="model_id" ref="asset_sent_for_maint_2920b09b-da14-4862-9ff2-3da20c492137"/>
    <field name="name">asset_sent_for_maint_line group_system</field>
    <field name="perm_create" eval="True"/>
    <field name="perm_read" eval="True"/>
    <field name="perm_unlink" eval="True"/>
    <field name="perm_write" eval="True"/>
  </record>
  <record id="asset_sent_for_maint_62f60a25-ad15-4cbd-9d02-371ff0d7ce72" model="ir.model.access" context="{'studio': True}">
    <field name="group_id" ref="base.group_user"/>
    <field name="model_id" ref="asset_sent_for_maint_2920b09b-da14-4862-9ff2-3da20c492137"/>
    <field name="name">asset_sent_for_maint_line group_user</field>
    <field name="perm_create" eval="True"/>
    <field name="perm_read" eval="True"/>
    <field name="perm_write" eval="True"/>
  </record>
  <record id="asset_sent_for_maint_340da49f-f1ee-4ae0-ac1f-d4d813086c64" model="ir.model.access" context="{'studio': True}">
    <field name="group_id" ref="base.group_system"/>
    <field name="model_id" ref="asset_sent_for_maint_636ab4f5-d21d-49f4-8688-88858db14190"/>
    <field name="name">Asset Sent for Maintenance Stages group_system</field>
    <field name="perm_create" eval="True"/>
    <field name="perm_read" eval="True"/>
    <field name="perm_unlink" eval="True"/>
    <field name="perm_write" eval="True"/>
  </record>
  <record id="asset_sent_for_maint_86ed7854-327c-4c60-85e1-072365ac39e3" model="ir.model.access" context="{'studio': True}">
    <field name="group_id" ref="base.group_user"/>
    <field name="model_id" ref="asset_sent_for_maint_636ab4f5-d21d-49f4-8688-88858db14190"/>
    <field name="name">Asset Sent for Maintenance Stages group_user</field>
    <field name="perm_create" eval="True"/>
    <field name="perm_read" eval="True"/>
    <field name="perm_write" eval="True"/>
  </record>
  <record id="asset_sent_for_maint_05de84c5-c9f0-4f35-b641-2499f9dd4d0c" model="ir.model.access" context="{'studio': True}">
    <field name="group_id" ref="base.group_system"/>
    <field name="model_id" ref="asset_sent_for_maint_fabc41c2-8252-47b9-8afe-78082f1f47e9"/>
    <field name="name">Asset Sent for Maintenance Tags group_system</field>
    <field name="perm_create" eval="True"/>
    <field name="perm_read" eval="True"/>
    <field name="perm_unlink" eval="True"/>
    <field name="perm_write" eval="True"/>
  </record>
  <record id="asset_sent_for_maint_088456b8-4d50-46f8-a32e-33bc1ccfd78b" model="ir.model.access" context="{'studio': True}">
    <field name="group_id" ref="base.group_user"/>
    <field name="model_id" ref="asset_sent_for_maint_fabc41c2-8252-47b9-8afe-78082f1f47e9"/>
    <field name="name">Asset Sent for Maintenance Tags group_user</field>
    <field name="perm_create" eval="True"/>
    <field name="perm_read" eval="True"/>
    <field name="perm_write" eval="True"/>
  </record>
  <record id="asset_retrieved_from_36ffc05d-ea33-4fb3-a819-e346a2c56d53" model="ir.model.access" context="{'studio': True}">
    <field name="group_id" ref="base.group_system"/>
    <field name="model_id" ref="asset_retrieved_from_8f27978c-4b0f-4f95-8a23-7d7d09d39c75"/>
    <field name="name">Asset Retrieved from Maintenance group_system</field>
    <field name="perm_create" eval="True"/>
    <field name="perm_read" eval="True"/>
    <field name="perm_unlink" eval="True"/>
    <field name="perm_write" eval="True"/>
  </record>
  <record id="asset_retrieved_from_2893c4b2-112f-4bb3-8258-90a02a90e7a4" model="ir.model.access" context="{'studio': True}">
    <field name="group_id" ref="base.group_user"/>
    <field name="model_id" ref="asset_retrieved_from_8f27978c-4b0f-4f95-8a23-7d7d09d39c75"/>
    <field name="name">Asset Retrieved from Maintenance group_user</field>
    <field name="perm_create" eval="True"/>
    <field name="perm_read" eval="True"/>
    <field name="perm_write" eval="True"/>
  </record>
  <record id="asset_retrieved_from_2089debc-96d8-4984-9ded-8aec81f0c820" model="ir.model.access" context="{'studio': True}">
    <field name="group_id" ref="base.group_system"/>
    <field name="model_id" ref="asset_retrieved_from_39fc6fed-3f70-4e4d-86f3-4c38ca9158c3"/>
    <field name="name">asset_retrieved_from_line group_system</field>
    <field name="perm_create" eval="True"/>
    <field name="perm_read" eval="True"/>
    <field name="perm_unlink" eval="True"/>
    <field name="perm_write" eval="True"/>
  </record>
  <record id="asset_retrieved_from_310eb97b-e03f-414b-88e8-5d3aec8d201d" model="ir.model.access" context="{'studio': True}">
    <field name="group_id" ref="base.group_user"/>
    <field name="model_id" ref="asset_retrieved_from_39fc6fed-3f70-4e4d-86f3-4c38ca9158c3"/>
    <field name="name">asset_retrieved_from_line group_user</field>
    <field name="perm_create" eval="True"/>
    <field name="perm_read" eval="True"/>
    <field name="perm_write" eval="True"/>
  </record>
  <record id="asset_retrieved_from_abc7e008-c0dd-4246-b31c-e78273fa63dd" model="ir.model.access" context="{'studio': True}">
    <field name="group_id" ref="base.group_system"/>
    <field name="model_id" ref="asset_retrieved_from_bf9a2da4-3f1d-40dd-ba2d-cdf70f495a47"/>
    <field name="name">Asset Retrieved from Maintenance Stages group_system</field>
    <field name="perm_create" eval="True"/>
    <field name="perm_read" eval="True"/>
    <field name="perm_unlink" eval="True"/>
    <field name="perm_write" eval="True"/>
  </record>
  <record id="asset_retrieved_from_03ca05f0-06b2-4eb1-83e4-310737fb16e3" model="ir.model.access" context="{'studio': True}">
    <field name="group_id" ref="base.group_user"/>
    <field name="model_id" ref="asset_retrieved_from_bf9a2da4-3f1d-40dd-ba2d-cdf70f495a47"/>
    <field name="name">Asset Retrieved from Maintenance Stages group_user</field>
    <field name="perm_create" eval="True"/>
    <field name="perm_read" eval="True"/>
    <field name="perm_write" eval="True"/>
  </record>
  <record id="asset_retrieved_from_4e601dd2-5127-4e35-8493-0ce5967d6f1e" model="ir.model.access" context="{'studio': True}">
    <field name="group_id" ref="base.group_system"/>
    <field name="model_id" ref="asset_retrieved_from_af0e4f6a-3592-45e6-aea2-daa786eedd17"/>
    <field name="name">Asset Retrieved from Maintenance Tags group_system</field>
    <field name="perm_create" eval="True"/>
    <field name="perm_read" eval="True"/>
    <field name="perm_unlink" eval="True"/>
    <field name="perm_write" eval="True"/>
  </record>
  <record id="asset_retrieved_from_9b9cc3b1-a032-42c1-b2ec-ee42ed935a52" model="ir.model.access" context="{'studio': True}">
    <field name="group_id" ref="base.group_user"/>
    <field name="model_id" ref="asset_retrieved_from_af0e4f6a-3592-45e6-aea2-daa786eedd17"/>
    <field name="name">Asset Retrieved from Maintenance Tags group_user</field>
    <field name="perm_create" eval="True"/>
    <field name="perm_read" eval="True"/>
    <field name="perm_write" eval="True"/>
  </record>
</odoo>
