<?xml version='1.0' encoding='UTF-8'?>
<odoo noupdate="1">
  <record id="asset_multi_company_f2e707a0-43be-42f5-b5e2-a03ed5fdeb2a" model="ir.rule" context="{'studio': True}">
    <field name="domain_force"><![CDATA[['|', ('x_studio_company_id', '=', False), ('x_studio_company_id', 'in', company_ids)]]]></field>
    <field name="model_id" ref="asset_9b870ee4-cb6e-4dc4-8f7f-8127b16c7edf"/>
    <field name="name">Asset - Multi-Company</field>
  </record>
  <record id="maintenance_multi_co_1424c90a-5a2c-43bd-b3f4-ed1b7e98f954" model="ir.rule" context="{'studio': True}">
    <field name="domain_force"><![CDATA[['|', ('x_studio_company_id', '=', False), ('x_studio_company_id', 'in', company_ids)]]]></field>
    <field name="model_id" ref="maintenance_22cfa210-cbd7-4781-b064-9c51d6f5b697"/>
    <field name="name">Maintenance - Multi-Company</field>
  </record>
  <record id="asset_info_multi_com_6b6c8c2d-dd2e-455b-b83e-41a2b356619b" model="ir.rule" context="{'studio': True}">
    <field name="domain_force"><![CDATA[['|', ('x_studio_company_id', '=', False), ('x_studio_company_id', 'in', company_ids)]]]></field>
    <field name="model_id" ref="asset_info_4d1b12c3-af6a-43f2-8237-a114c457c67d"/>
    <field name="name">Asset Info - Multi-Company</field>
  </record>
  <record id="asset_definition_mul_c3ab3872-bd7a-4aff-8bce-9edbe782d4a2" model="ir.rule" context="{'studio': True}">
    <field name="domain_force"><![CDATA[['|', ('x_studio_company_id', '=', False), ('x_studio_company_id', 'in', company_ids)]]]></field>
    <field name="model_id" ref="asset_definition_d91283a2-6438-4c41-b4b4-a385fc488bfc"/>
    <field name="name">Asset Definition - Multi-Company</field>
  </record>
  <record id="asset_information_mu_7f2dc5ad-fa1e-4a76-b2ec-c5bd271bb0b0" model="ir.rule" context="{'studio': True}">
    <field name="domain_force"><![CDATA[['|', ('x_studio_company_id', '=', False), ('x_studio_company_id', 'in', company_ids)]]]></field>
    <field name="model_id" ref="asset_information_662ebe07-7d9d-49db-9ec4-c81f5786629e"/>
    <field name="name">Asset Information - Multi-Company</field>
  </record>
  <record id="asset_schedule_maint_52ca15c2-4e13-41c1-a1b7-39d9ee84a4a2" model="ir.rule" context="{'studio': True}">
    <field name="domain_force"><![CDATA[['|', ('x_studio_company_id', '=', False), ('x_studio_company_id', 'in', company_ids)]]]></field>
    <field name="model_id" ref="asset_schedule_maint_9e13c0b5-fb87-4fd8-8a51-fe6a5aed96f5"/>
    <field name="name">Asset Schedule Maintenance Information - Multi-Company</field>
  </record>
  <record id="asset_maintenance_mu_54b1a260-17c5-44eb-994e-12fdb929e57a" model="ir.rule" context="{'studio': True}">
    <field name="domain_force"><![CDATA[['|', ('x_studio_company_id', '=', False), ('x_studio_company_id', 'in', company_ids)]]]></field>
    <field name="model_id" ref="asset_maintenance_c0be9c4d-d8b5-481b-ba00-aed050f39d48"/>
    <field name="name">Asset Maintenance - Multi-Company</field>
  </record>
  <record id="asset_sent_for_maint_06ac5589-19e5-4ff6-9fc0-e93407ead236" model="ir.rule" context="{'studio': True}">
    <field name="domain_force"><![CDATA[['|', ('x_studio_company_id', '=', False), ('x_studio_company_id', 'in', company_ids)]]]></field>
    <field name="model_id" ref="asset_sent_for_maint_e4dfa515-277e-47a7-a8e3-5e7523cc85b1"/>
    <field name="name">Asset Sent for Maintenance - Multi-Company</field>
  </record>
  <record id="asset_retrieved_from_7289e592-46e7-4a3d-9b1b-3ea867933150" model="ir.rule" context="{'studio': True}">
    <field name="domain_force"><![CDATA[['|', ('x_studio_company_id', '=', False), ('x_studio_company_id', 'in', company_ids)]]]></field>
    <field name="model_id" ref="asset_retrieved_from_8f27978c-4b0f-4f95-8a23-7d7d09d39c75"/>
    <field name="name">Asset Retrieved from Maintenance - Multi-Company</field>
  </record>
</odoo>
