<?xml version='1.0' encoding='UTF-8'?>
<odoo>
  <record id="asset_management_46f5f6fa-8d74-47bc-8065-c45681c6dafd" model="ir.ui.menu" context="{'studio': True}">
    <field name="name">Asset Management</field>
    <field name="web_icon">fa fa-home,#00CEB3,#FFFFFF</field>
  </record>
  <record id="asset_management_ass_e982821e-ecfc-4c23-9b66-10409a2b2971" model="ir.ui.menu" context="{'studio': True}">
    <field name="action" ref="asset_378f4ed1-2c22-46dd-baa9-4c0bd3c9bd51"/>
    <field name="active" eval="False"/>
    <field name="name">Asset</field>
    <field name="parent_id" ref="asset_management_46f5f6fa-8d74-47bc-8065-c45681c6dafd"/>
    <field name="sequence">1</field>
  </record>
  <record id="asset_management_con_d8d5e1d6-db31-4c0c-b348-70fdde5594d7" model="ir.ui.menu" context="{'studio': True}">
    <field name="active" eval="False"/>
    <field name="name">Configuration</field>
    <field name="parent_id" ref="asset_management_46f5f6fa-8d74-47bc-8065-c45681c6dafd"/>
    <field name="sequence">3</field>
  </record>
  <record id="asset_management_con_0d7ae731-b412-432e-bd08-cad7929d8531" model="ir.ui.menu" context="{'studio': True}">
    <field name="action" ref="asset_stages_febdd6cb-ee2a-4348-b194-9b418c648637"/>
    <field name="name">Asset Stages</field>
    <field name="parent_id" ref="asset_management_con_d8d5e1d6-db31-4c0c-b348-70fdde5594d7"/>
  </record>
  <record id="asset_management_con_ffa88093-4e59-4839-a81a-eeac3b08ed2f" model="ir.ui.menu" context="{'studio': True}">
    <field name="action" ref="asset_tags_0b1e37a1-6670-4c86-9dfe-4aafebaa532b"/>
    <field name="name">Asset Tags</field>
    <field name="parent_id" ref="asset_management_con_d8d5e1d6-db31-4c0c-b348-70fdde5594d7"/>
  </record>
  <record id="asset_management_mai_7729847a-a4c0-48df-a12e-04aaafc5b47a" model="ir.ui.menu" context="{'studio': True}">
    <field name="action" ref="maintenance_c06c4fd5-7190-484d-ae78-a32b9424efca"/>
    <field name="name">Maintenance</field>
    <field name="parent_id" ref="asset_management_ass_e982821e-ecfc-4c23-9b66-10409a2b2971"/>
    <field name="sequence">2</field>
  </record>
  <record id="asset_management_con_26b256c3-1819-423e-8df1-0c37c6bd25b5" model="ir.ui.menu" context="{'studio': True}">
    <field name="action" ref="maintenance_stages_06a71b66-3a4e-4bd8-86d0-766a7c7e8c24"/>
    <field name="name">Maintenance Stages</field>
    <field name="parent_id" ref="asset_management_con_d8d5e1d6-db31-4c0c-b348-70fdde5594d7"/>
  </record>
  <record id="asset_management_con_5317b781-f98e-4a16-b863-3abbcd80b8eb" model="ir.ui.menu" context="{'studio': True}">
    <field name="action" ref="maintenance_tags_051c5feb-ec2e-4df5-9fd4-21c30f83afd8"/>
    <field name="name">Maintenance Tags</field>
    <field name="parent_id" ref="asset_management_con_d8d5e1d6-db31-4c0c-b348-70fdde5594d7"/>
  </record>
  <record id="asset_management_ass_05d10852-a3d5-4607-bc6c-50166b85592b" model="ir.ui.menu" context="{'studio': True}">
    <field name="action" ref="asset_info_7d72d542-6d83-4316-b136-ac9bd168979a"/>
    <field name="name">Asset Info</field>
    <field name="parent_id" ref="asset_management_ass_e982821e-ecfc-4c23-9b66-10409a2b2971"/>
    <field name="sequence">1</field>
  </record>
  <record id="asset_management_con_b356417a-ae08-46b5-af63-ba048aa0316c" model="ir.ui.menu" context="{'studio': True}">
    <field name="action" ref="asset_info_stages_f32951d6-ea4c-4ed6-ae07-0d710792e4a6"/>
    <field name="name">Asset Info Stages</field>
    <field name="parent_id" ref="asset_management_con_d8d5e1d6-db31-4c0c-b348-70fdde5594d7"/>
  </record>
  <record id="asset_management_con_e1ccbd11-9491-4a0a-8d21-7bed9ed6939a" model="ir.ui.menu" context="{'studio': True}">
    <field name="action" ref="asset_info_tags_783d925a-0323-4f28-ab81-5e0713c5eb62"/>
    <field name="name">Asset Info Tags</field>
    <field name="parent_id" ref="asset_management_con_d8d5e1d6-db31-4c0c-b348-70fdde5594d7"/>
  </record>
  <record id="asset_management_em_283a0c26-ed9e-4f41-9c39-baca28eafd65" model="ir.ui.menu" context="{'studio': True}">
    <field name="action" ref="em_881ff4b4-70a9-4a81-8d6f-413485a82591"/>
    <field name="active" eval="False"/>
    <field name="name">Em</field>
    <field name="parent_id" ref="asset_management_46f5f6fa-8d74-47bc-8065-c45681c6dafd"/>
    <field name="sequence">4</field>
  </record>
  <record id="asset_management_0_6ec072f3-3d66-4a15-94d8-08cd90e27462" model="ir.ui.menu" context="{'studio': True}">
    <field name="name">Asset Management 0</field>
    <field name="web_icon">fa fa-home,#2ecc71,#FFFFFF</field>
    <field name="web_icon_data" type="base64" file="studio_customization/static/src/binary/ir_ui_menu/157-web_icon_data"/>
  </record>
  <record id="asset_management_0_a_e73e4ec7-a901-4831-8815-5929bee6295d" model="ir.ui.menu" context="{'studio': True}">
    <field name="action" ref="asset_definition_e8f1a9ba-7155-44f2-acc5-252f44ab70f7"/>
    <field name="name">Asset Definition</field>
    <field name="parent_id" ref="asset_management_0_6ec072f3-3d66-4a15-94d8-08cd90e27462"/>
    <field name="sequence">1</field>
  </record>
  <record id="asset_management_0_c_d2a96327-daa4-4331-b67f-6ba94f3afb3e" model="ir.ui.menu" context="{'studio': True}">
    <field name="name">Configuration</field>
    <field name="parent_id" ref="asset_management_0_6ec072f3-3d66-4a15-94d8-08cd90e27462"/>
    <field name="sequence">5</field>
  </record>
  <record id="asset_management_0_c_e46907ed-2167-4547-8dfe-e9ab1a13bc9f" model="ir.ui.menu" context="{'studio': True}">
    <field name="action" ref="asset_definition_sta_d9107df4-fd87-4393-a808-139508b16492"/>
    <field name="name">Asset Definition Stages</field>
    <field name="parent_id" ref="asset_management_0_c_d2a96327-daa4-4331-b67f-6ba94f3afb3e"/>
    <field name="sequence">1</field>
  </record>
  <record id="asset_management_0_c_5fc74f71-5a02-4436-9337-364091a82738" model="ir.ui.menu" context="{'studio': True}">
    <field name="action" ref="asset_definition_tag_09a04a79-b32e-4223-9d2b-99b9e1b19443"/>
    <field name="name">Asset Definition Tags</field>
    <field name="parent_id" ref="asset_management_0_c_d2a96327-daa4-4331-b67f-6ba94f3afb3e"/>
    <field name="sequence">2</field>
  </record>
  <record id="asset_management_0_a_a0d9aec8-10b9-420d-b6aa-718c8caff3a2" model="ir.ui.menu" context="{'studio': True}">
    <field name="action" ref="asset_information_f18f48ea-5df1-4d40-8077-260b3271a8a1"/>
    <field name="name">Asset Information</field>
    <field name="parent_id" ref="asset_management_0_a_e73e4ec7-a901-4831-8815-5929bee6295d"/>
    <field name="sequence">1</field>
  </record>
  <record id="asset_management_0_c_a5788627-d37d-4e9c-8bc3-08c6231df14b" model="ir.ui.menu" context="{'studio': True}">
    <field name="action" ref="asset_information_st_0312677c-9b35-4e3b-af6a-e9803f37427b"/>
    <field name="name">Asset Information Stages</field>
    <field name="parent_id" ref="asset_management_0_c_d2a96327-daa4-4331-b67f-6ba94f3afb3e"/>
    <field name="sequence">3</field>
  </record>
  <record id="asset_management_0_c_6e8fa4c9-20ce-4700-9121-4c580811fbe9" model="ir.ui.menu" context="{'studio': True}">
    <field name="action" ref="asset_information_ta_93ae2e50-1174-46e6-a7ff-59fe0c6d7b2c"/>
    <field name="name">Asset Information Tags</field>
    <field name="parent_id" ref="asset_management_0_c_d2a96327-daa4-4331-b67f-6ba94f3afb3e"/>
    <field name="sequence">4</field>
  </record>
  <record id="asset_management_0_a_316b2503-7292-42cb-904a-2c637ec52481" model="ir.ui.menu" context="{'studio': True}">
    <field name="action" ref="asset_schedule_maint_a91ff04a-eff0-4894-b9b7-82f77ce2a7f8"/>
    <field name="name">Asset Schedule Maintenance Information</field>
    <field name="parent_id" ref="asset_management_0_a_e73e4ec7-a901-4831-8815-5929bee6295d"/>
    <field name="sequence">2</field>
  </record>
  <record id="asset_management_0_c_e711121b-aea1-40ea-801f-10adc42a4545" model="ir.ui.menu" context="{'studio': True}">
    <field name="action" ref="asset_schedule_maint_ed6e4575-895f-40e3-886e-6d6db27a4d28"/>
    <field name="name">Asset Schedule Maintenance Information Stages</field>
    <field name="parent_id" ref="asset_management_0_c_d2a96327-daa4-4331-b67f-6ba94f3afb3e"/>
    <field name="sequence">5</field>
  </record>
  <record id="asset_management_0_c_e05a120d-f687-479f-8fee-2bc257fd6a40" model="ir.ui.menu" context="{'studio': True}">
    <field name="action" ref="asset_schedule_maint_6bc9b9e0-5825-4f04-92c4-0dd4c2b57f66"/>
    <field name="name">Asset Schedule Maintenance Information Tags</field>
    <field name="parent_id" ref="asset_management_0_c_d2a96327-daa4-4331-b67f-6ba94f3afb3e"/>
    <field name="sequence">6</field>
  </record>
  <record id="asset_management_0_a_b508f40b-5be7-4e69-bd59-489cce63aa0e" model="ir.ui.menu" context="{'studio': True}">
    <field name="action" ref="asset_maintenance_34470219-5d74-41be-a72d-e0e87a1a3470"/>
    <field name="name">Asset Maintenance</field>
    <field name="parent_id" ref="asset_management_0_6ec072f3-3d66-4a15-94d8-08cd90e27462"/>
    <field name="sequence">2</field>
  </record>
  <record id="asset_management_0_c_de5d12e3-261b-4de8-8534-2b2fb1dda49a" model="ir.ui.menu" context="{'studio': True}">
    <field name="action" ref="asset_maintenance_st_ba87ce42-b844-47f2-9c4c-159a9ec8b175"/>
    <field name="name">Asset Maintenance Stages</field>
    <field name="parent_id" ref="asset_management_0_c_d2a96327-daa4-4331-b67f-6ba94f3afb3e"/>
    <field name="sequence">7</field>
  </record>
  <record id="asset_management_0_c_f5b68141-1bbe-4cce-b0a1-53474d5ec58f" model="ir.ui.menu" context="{'studio': True}">
    <field name="action" ref="asset_maintenance_ta_76a75ead-6aa7-4d47-9c2c-3e47403ceff8"/>
    <field name="name">Asset Maintenance Tags</field>
    <field name="parent_id" ref="asset_management_0_c_d2a96327-daa4-4331-b67f-6ba94f3afb3e"/>
    <field name="sequence">8</field>
  </record>
  <record id="asset_management_0_a_09a216d6-e55d-4266-a3db-d5e7564622b9" model="ir.ui.menu" context="{'studio': True}">
    <field name="action" ref="asset_sent_for_maint_dd169c98-ca8c-4f33-b5b1-cf0bfc4377db"/>
    <field name="name">Asset Sent for Maintenance</field>
    <field name="parent_id" ref="asset_management_0_6ec072f3-3d66-4a15-94d8-08cd90e27462"/>
    <field name="sequence">3</field>
  </record>
  <record id="asset_management_0_c_b9431679-acdc-4939-9066-ee6dd09748d5" model="ir.ui.menu" context="{'studio': True}">
    <field name="action" ref="asset_sent_for_maint_03303f03-8322-40ed-abc1-349755e21739"/>
    <field name="name">Asset Sent for Maintenance Stages</field>
    <field name="parent_id" ref="asset_management_0_c_d2a96327-daa4-4331-b67f-6ba94f3afb3e"/>
    <field name="sequence">9</field>
  </record>
  <record id="asset_management_0_c_16e9bbca-8bdd-4cc3-8829-3b7f6faf42ee" model="ir.ui.menu" context="{'studio': True}">
    <field name="action" ref="asset_sent_for_maint_328f0e84-9417-4f67-b867-d578ca3f82c9"/>
    <field name="name">Asset Sent for Maintenance Tags</field>
    <field name="parent_id" ref="asset_management_0_c_d2a96327-daa4-4331-b67f-6ba94f3afb3e"/>
  </record>
  <record id="asset_management_0_a_ec90073f-9ac6-4384-b639-4d1a17daf123" model="ir.ui.menu" context="{'studio': True}">
    <field name="action" ref="asset_retrieved_from_92f9264f-1d36-4439-9ebf-1ba3fd9e4ed7"/>
    <field name="name">Asset Retrieved from Maintenance</field>
    <field name="parent_id" ref="asset_management_0_6ec072f3-3d66-4a15-94d8-08cd90e27462"/>
    <field name="sequence">4</field>
  </record>
  <record id="asset_management_0_c_7e4f3a64-27b7-4eb0-a784-afa475dc93c0" model="ir.ui.menu" context="{'studio': True}">
    <field name="action" ref="asset_retrieved_from_6defd524-9caa-4140-887e-80b679ce6904"/>
    <field name="name">Asset Retrieved from Maintenance Stages</field>
    <field name="parent_id" ref="asset_management_0_c_d2a96327-daa4-4331-b67f-6ba94f3afb3e"/>
    <field name="sequence">11</field>
  </record>
  <record id="asset_management_0_c_579ed867-8174-4c99-a4ad-01fa826edd55" model="ir.ui.menu" context="{'studio': True}">
    <field name="action" ref="asset_retrieved_from_fb3efeab-425d-4dea-be73-ee58e57bd583"/>
    <field name="name">Asset Retrieved from Maintenance Tags</field>
    <field name="parent_id" ref="asset_management_0_c_d2a96327-daa4-4331-b67f-6ba94f3afb3e"/>
    <field name="sequence">12</field>
  </record>
  <record id="asset_management_0_a_1f16b342-adff-4dc5-9688-b874a5206e5a" model="ir.ui.menu" context="{'studio': True}">
    <field name="action" ref="asset_information_9e19dc96-e712-4ea4-a225-1f47af03d0d7"/>
    <field name="active" eval="False"/>
    <field name="name">Asset Information</field>
    <field name="parent_id" ref="asset_management_0_6ec072f3-3d66-4a15-94d8-08cd90e27462"/>
    <field name="sequence">6</field>
  </record>
  <record id="asset_management_0_s_d0538ea0-cce3-4e96-94a0-f8bcb793691a" model="ir.ui.menu" context="{'studio': True}">
    <field name="action" ref="saireddy_4fc76793-c420-4369-9f2a-31b5366aa5d1"/>
    <field name="active" eval="False"/>
    <field name="name">Saireddy</field>
    <field name="parent_id" ref="asset_management_0_6ec072f3-3d66-4a15-94d8-08cd90e27462"/>
    <field name="sequence">6</field>
  </record>
</odoo>
